epa_station_key,year,month,day,hour,minute,second,sd_hor_wind_dir,nitric_oxide,wind_speed,barometric_pressure,resultant_direction,nitrogen_dioxide,sulfur_dioxide,solar_radiation,relative_humidity,nitrogen_oxides,resultant_speed,delta_temperature,carbon_monoxide,ozone,temperature,light_scatter,epa,city,site,site_code,o3,pmest,lon,lat,_created_at,_updated_at
410510080,2015,2,24,0,0,0,17.238998,0.317074,3.0115333,30.110001,17.168774,10.94192,0.1873,0,42.068932,11.25899,2.8751245,1.1764933,229.67287,0.023176666,6.2962666,0.366474,,,,,,,,,Fri May 15 2015 16:18:55 GMT+0000 (UTC),Fri May 15 2015 16:18:55 GMT+0000 (UTC)
410510080,2015,2,24,0,5,0,16.134218,0.44843733,3.6115334,30.110041,335.09509,17.562563,0.1873,0,43.082802,18.010992,3.4682429,1.2773733,236.79681,0.017826667,6.0851998,0.37700066,,,,,,,,,Fri May 15 2015 16:18:55 GMT+0000 (UTC),Fri May 15 2015 16:18:55 GMT+0000 (UTC)
410510080,2015,2,24,0,10,0,28.104076,1.1161647,2.2983999,30.110001,307.10825,20.466425,0.1873,0,44.941334,21.582588,2.0217094,1.39912,225.64049,0.016683333,5.4782667,0.437188,,,,,,,,,Fri May 15 2015 16:18:55 GMT+0000 (UTC),Fri May 15 2015 16:18:55 GMT+0000 (UTC)
410510080,2015,2,24,0,15,0,13.632188,1.1547986,2.9188666,30.110001,327.64658,18.112497,0.29770601,0,45.164001,19.267288,2.8361914,1.3475733,255.70848,0.017073333,5.3462667,0.491864,,,,,,,,,Fri May 15 2015 16:18:55 GMT+0000 (UTC),Fri May 15 2015 16:18:55 GMT+0000 (UTC)
410510080,2015,2,24,0,20,0,18.082653,0.76509267,2.2494667,30.110001,4.3601732,20.314526,0.39257199,0,46.166,21.079611,2.1373594,1.5749867,305.3703,0.014613333,5.1241331,0.43195334,,,,,,,,,Fri May 15 2015 16:18:55 GMT+0000 (UTC),Fri May 15 2015 16:18:55 GMT+0000 (UTC)
410510080,2015,2,24,0,25,0,22.024622,1.3446267,2.4362667,30.110001,16.138247,24.434036,0.59846735,0,47.650799,25.778646,2.2561426,1.79344,317.00137,0.010893334,4.8486667,0.44834334,,,,,,,,,Fri May 15 2015 16:18:55 GMT+0000 (UTC),Fri May 15 2015 16:18:55 GMT+0000 (UTC)
410510080,2015,2,24,0,30,0,15.900779,3.2485454,2.4107332,30.110001,346.64435,28.712322,0.58312136,0,47.9352,31.960867,2.3178332,1.93852,302.37433,0.0053366665,4.7018666,0.451258,,,,,,,,,Fri May 15 2015 16:18:55 GMT+0000 (UTC),Fri May 15 2015 16:18:55 GMT+0000 (UTC)
410510080,2015,2,24,0,35,0,13.079534,2.9718826,3.3595333,30.10948,321.32016,28.365654,0.74467599,0,49.753067,31.337547,3.2719355,1.6652133,331.73743,0.00453,4.3966665,0.44600999,,,,,,,,,Fri May 15 2015 16:18:55 GMT+0000 (UTC),Fri May 15 2015 16:18:55 GMT+0000 (UTC)
410510080,2015,2,24,0,40,0,6.7407331,3.3658047,2.7602668,30.10408,336.15851,32.763866,0.765302,0,50.940666,36.129669,2.7411509,1.9058,330.08148,0.0046700002,4.1557331,0.46141666,,,,,,,,,Fri May 15 2015 16:18:55 GMT+0000 (UTC),Fri May 15 2015 16:18:55 GMT+0000 (UTC)
410510080,2015,2,24,0,45,0,16.930241,2.6930106,2.2941334,30.104561,8.0734673,28.948975,0.72492135,0,51.609066,31.641994,2.1939085,2.0539999,318.14566,0.0050733332,4.0300002,0.46984133,,,,,,,,,Fri May 15 2015 16:18:55 GMT+0000 (UTC),Fri May 15 2015 16:18:55 GMT+0000 (UTC)
410510080,2015,2,24,0,50,0,15.33295,3.6685493,3.5423334,30.110001,333.26718,29.26895,0.73286265,0,52.329468,32.937496,3.4154015,1.76688,319.49448,0.0042266669,4.0465331,0.46072733,,,,,,,,,Fri May 15 2015 16:18:55 GMT+0000 (UTC),Fri May 15 2015 16:18:55 GMT+0000 (UTC)
410510080,2015,2,24,0,55,0,5.1928744,4.9343147,4.2492666,30.110001,321.95975,30.878063,0.75953734,0,51.996933,35.812366,4.231802,2.1772799,333.43011,0.0026199999,3.7478666,0.45561135,,,,,,,,,Fri May 15 2015 16:18:55 GMT+0000 (UTC),Fri May 15 2015 16:18:55 GMT+0000 (UTC)
410510080,2015,2,24,1,0,0,5.5576811,4.0699921,3.5708666,30.110001,329.19205,31.125954,0.84423536,0,53.631599,35.195957,3.5540557,2.1277599,352.91681,0.0028333333,3.5476,0.47003934,,,,,,,,,Fri May 15 2015 16:18:55 GMT+0000 (UTC),Fri May 15 2015 16:18:55 GMT+0000 (UTC)
410510080,2015,2,24,1,5,0,7.1371765,3.1036661,2.6408,30.110001,326.96445,31.753227,0.77228332,0,55.107201,34.856876,2.620297,2.102,354.18915,0.0023099999,3.4162667,0.46902001,,,,,,,,,Fri May 15 2015 16:18:55 GMT+0000 (UTC),Fri May 15 2015 16:18:55 GMT+0000 (UTC)
410510080,2015,2,24,1,10,0,7.5978351,2.5515821,2.6520667,30.112841,309.25763,31.83309,0.78707069,0,55.923199,34.384663,2.6287327,1.8111067,350.06345,0.0016966667,3.1368001,0.462724,,,,,,,,,Fri May 15 2015 16:18:55 GMT+0000 (UTC),Fri May 15 2015 16:18:55 GMT+0000 (UTC)
410510080,2015,2,24,1,15,0,7.1064086,3.0348847,2.6902001,30.115959,325.68484,31.738413,0.6659627,0,57.356533,34.773293,2.6694932,2.0372534,362.66339,9.1333332E-4,2.8743999,0.47166267,,,,,,,,,Fri May 15 2015 16:18:55 GMT+0000 (UTC),Fri May 15 2015 16:18:55 GMT+0000 (UTC)
410510080,2015,2,24,1,20,0,15.912047,6.6223173,1.4294,30.115999,349.23267,30.334318,0.66450602,0,58.764133,36.956635,1.3742385,1.8282133,364.91913,0.00112,2.8471999,0.57384998,,,,,,,,,Fri May 15 2015 16:18:55 GMT+0000 (UTC),Fri May 15 2015 16:18:55 GMT+0000 (UTC)
410510080,2015,2,24,1,25,0,29.874456,21.678963,1.6458666,30.115999,54.90361,30.924141,0.90163666,0,59.373734,52.603088,1.4219818,2.0760934,388.71909,0.0020033333,2.6266668,0.91229934,,,,,,,,,Fri May 15 2015 16:18:55 GMT+0000 (UTC),Fri May 15 2015 16:18:55 GMT+0000 (UTC)
410510080,2015,2,24,1,30,0,16.797432,6.5053802,2.4631333,30.115999,76.633598,32.119228,1.1256367,0,59.466667,38.624603,2.3572071,2.3542533,603.15137,0.0080399998,2.5739999,2.6299734,,,,,,,,,Fri May 15 2015 16:18:55 GMT+0000 (UTC),Fri May 15 2015 16:18:55 GMT+0000 (UTC)
410510080,2015,2,24,1,35,0,10.369531,5.9278102,3.4877334,30.115999,67.666672,27.820375,1.6369727,0,59.337467,33.748184,3.4305735,2.5196934,504.70367,0.0128,2.4533334,3.1481533,,,,,,,,,Fri May 15 2015 16:18:55 GMT+0000 (UTC),Fri May 15 2015 16:18:55 GMT+0000 (UTC)
410510080,2015,2,24,1,40,0,13.536448,2.153002,2.9462667,30.115999,54.705143,22.121719,1.6176879,0,60.504135,24.274725,2.8639834,2.5612266,305.06061,0.0092566665,2.3978667,1.0869067,,,,,,,,,Fri May 15 2015 16:18:55 GMT+0000 (UTC),Fri May 15 2015 16:18:55 GMT+0000 (UTC)
410510080,2015,2,24,1,45,0,15.385205,1.8306353,4.2332001,30.115999,60.774738,21.725355,1.1768067,0,60.214668,23.555981,4.0804768,2.12656,291.0549,0.0078966664,2.6891999,0.83687401,,,,,,,,,Fri May 15 2015 16:18:55 GMT+0000 (UTC),Fri May 15 2015 16:18:55 GMT+0000 (UTC)
410510080,2015,2,24,1,50,0,11.575368,2.346278,4.6044002,30.115999,64.220207,18.427082,1.014908,0,58.798134,20.773357,4.5103688,1.8516266,287.97485,0.010606667,2.8534667,0.87261403,,,,,,,,,Fri May 15 2015 16:18:55 GMT+0000 (UTC),Fri May 15 2015 16:18:55 GMT+0000 (UTC)
410510080,2015,2,24,1,55,0,8.6206884,1.430954,3.9720666,30.115999,60.261822,17.104799,0.81464732,0,58.922134,18.535742,3.9270751,1.8518933,272.21436,0.011156667,2.8484001,0.55803865,,,,,,,,,Fri May 15 2015 16:18:55 GMT+0000 (UTC),Fri May 15 2015 16:18:55 GMT+0000 (UTC)
410510080,2015,2,24,2,0,0,8.4039602,0.76504397,4.3597331,30.115999,69.018784,15.92143,0.83288997,0,58.779335,16.686468,4.3128023,2.0466933,260.98837,0.012706666,2.5981333,0.462356,,,,,,,,,Fri May 15 2015 16:18:55 GMT+0000 (UTC),Fri May 15 2015 16:18:55 GMT+0000 (UTC)
410510080,2015,2,24,2,5,0,10.742026,0.85355669,4.0689998,30.115999,66.035179,15.608436,0.92636931,0,61.573067,16.461988,3.9974365,1.9536667,226.02667,0.01283,2.5789332,0.50486469,,,,,,,,,Fri May 15 2015 16:18:55 GMT+0000 (UTC),Fri May 15 2015 16:18:55 GMT+0000 (UTC)
410510080,2015,2,24,2,10,0,19.079285,0.96942866,2.5253334,30.115999,57.914013,15.665368,0.88214731,0,62.041733,16.634783,2.3852222,1.8465867,222.52588,0.013106667,2.5555999,0.50603664,,,,,,,,,Fri May 15 2015 16:18:56 GMT+0000 (UTC),Fri May 15 2015 16:18:56 GMT+0000 (UTC)
410510080,2015,2,24,2,15,0,41.509159,0.67010802,1.1713333,30.115999,63.317329,15.318411,0.81296664,0,62.736668,15.988523,0.86372483,2.0129333,222.897,0.01191,2.2821333,0.50645667,,,,,,,,,Fri May 15 2015 16:18:56 GMT+0000 (UTC),Fri May 15 2015 16:18:56 GMT+0000 (UTC)
410510080,2015,2,24,2,20,0,47.030502,0.53461331,1.7256666,30.115999,92.698364,14.989456,0.85862136,0,62.3848,15.52405,1.1439036,2.0863867,222.64011,0.012856667,2.2163999,0.464582,,,,,,,,,Fri May 15 2015 16:18:56 GMT+0000 (UTC),Fri May 15 2015 16:18:56 GMT+0000 (UTC)
410510080,2015,2,24,2,25,0,19.752541,0.53059334,2.4570668,30.115999,68.303612,14.764579,0.86362201,0,63.8204,15.295185,2.3109524,2.52496,216.16373,0.01294,2.0644,0.44621667,,,,,,,,,Fri May 15 2015 16:18:56 GMT+0000 (UTC),Fri May 15 2015 16:18:56 GMT+0000 (UTC)
410510080,2015,2,24,2,30,0,13.136657,0.81882799,2.7602,30.115999,63.908501,15.04508,0.90797865,0,63.686932,15.86391,2.6875994,2.6259732,207.56717,0.012653333,2.1745334,0.44507733,,,,,,,,,Fri May 15 2015 16:18:56 GMT+0000 (UTC),Fri May 15 2015 16:18:56 GMT+0000 (UTC)
410510080,2015,2,24,2,35,0,11.019939,0.85171467,2.4447999,30.115999,59.887718,14.311828,0.92952466,0,62.710934,15.163547,2.3995485,2.7130799,203.84543,0.013476667,2.0609334,0.42700532,,,,,,,,,Fri May 15 2015 16:18:56 GMT+0000 (UTC),Fri May 15 2015 16:18:56 GMT+0000 (UTC)
410510080,2015,2,24,2,40,0,18.922871,0.31797001,2.4867334,30.115999,39.620235,15.328919,0.96923733,0,62.5588,15.646896,2.3510168,2.6681733,225.75514,0.0094566671,2.03,0.40162399,,,,,,,,,Fri May 15 2015 16:18:56 GMT+0000 (UTC),Fri May 15 2015 16:18:56 GMT+0000 (UTC)
410510080,2015,2,24,2,45,0,22.66452,1.3045146,2.3005333,30.115999,46.31152,22.286694,0.90613133,0,62.782398,23.59119,2.1204176,2.42048,271.89182,0.0048400001,2.1312001,0.39421001,,,,,,,,,Fri May 15 2015 16:18:56 GMT+0000 (UTC),Fri May 15 2015 16:18:56 GMT+0000 (UTC)
410510080,2015,2,24,2,50,0,17.833044,4.5189481,2.6003335,30.115999,44.898582,22.622484,0.86158198,0,63.209599,27.141438,2.474293,2.6451466,255.76956,0.0041100001,1.8861333,0.39524066,,,,,,,,,Fri May 15 2015 16:18:56 GMT+0000 (UTC),Fri May 15 2015 16:18:56 GMT+0000 (UTC)
410510080,2015,2,24,2,55,0,17.856066,6.9904227,2.9803333,30.12076,3.5580959,24.284161,0.73101264,0,63.242535,31.27458,2.8355007,2.7509334,263.6474,0.0023000001,1.768,0.40866333,,,,,,,,,Fri May 15 2015 16:18:56 GMT+0000 (UTC),Fri May 15 2015 16:18:56 GMT+0000 (UTC)
410510080,2015,2,24,3,0,0,7.8270254,9.710743,3.6500666,30.122,347.60455,24.585688,0.64930803,0,64.75013,34.296436,3.6159847,2.4223466,261.53632,0.00185,1.6386666,0.42002866,,,,,,,,,Fri May 15 2015 16:18:56 GMT+0000 (UTC),Fri May 15 2015 16:18:56 GMT+0000 (UTC)
410510080,2015,2,24,3,5,0,14.006248,6.3827252,3.4635334,30.122,8.9743872,24.510733,0.52674335,0,63.110668,30.893452,3.3599732,1.9022933,266.97232,0.0023433333,1.7602667,0.41137999,,,,,,,,,Fri May 15 2015 16:18:56 GMT+0000 (UTC),Fri May 15 2015 16:18:56 GMT+0000 (UTC)
410510080,2015,2,24,3,10,0,12.867899,2.0022633,3.2091999,30.116961,48.680561,21.005116,0.59421802,0,64.076668,23.007389,3.1282079,2.2221601,251.3479,0.0057966667,1.6213334,0.39320534,,,,,,,,,Fri May 15 2015 16:18:56 GMT+0000 (UTC),Fri May 15 2015 16:18:56 GMT+0000 (UTC)
410510080,2015,2,24,3,15,0,13.28682,3.5317388,3.3864,30.115999,73.735916,25.062962,0.59505266,0,65.904266,28.594694,3.2952807,2.1971867,243.5507,0.0025966666,1.4874667,0.42378932,,,,,,,,,Fri May 15 2015 16:18:56 GMT+0000 (UTC),Fri May 15 2015 16:18:56 GMT+0000 (UTC)
410510080,2015,2,24,3,20,0,5.876256,2.2855093,4.1975999,30.114281,91.402328,20.022034,0.668562,0,66.949867,22.307554,4.175508,2.6817999,324.2193,0.0082633337,1.3559999,1.9148767,,,,,,,,,Fri May 15 2015 16:18:56 GMT+0000 (UTC),Fri May 15 2015 16:18:56 GMT+0000 (UTC)
410510080,2015,2,24,3,25,0,11.686926,1.5982254,3.6331999,30.1124,84.946251,20.2118,0.93471134,0,66.793068,21.810028,3.5575652,2.6993468,463.40018,0.0078299996,1.1878667,2.4466,,,,,,,,,Fri May 15 2015 16:18:56 GMT+0000 (UTC),Fri May 15 2015 16:18:56 GMT+0000 (UTC)
410510080,2015,2,24,3,30,0,18.269772,2.2352026,2.0321333,30.115999,28.951677,22.125362,1.3389454,0,65.370003,24.360573,1.9287505,2.4846001,361.58746,0.0044266665,1.2937334,1.219292,,,,,,,,,Fri May 15 2015 16:18:56 GMT+0000 (UTC),Fri May 15 2015 16:18:56 GMT+0000 (UTC)
410510080,2015,2,24,3,35,0,14.371508,1.944626,2.0676,30.115999,342.78329,21.612902,1.3228186,0,66.936668,23.557522,2.002512,2.4108133,268.16769,0.0032033334,1.1924,0.55165267,,,,,,,,,Fri May 15 2015 16:18:56 GMT+0000 (UTC),Fri May 15 2015 16:18:56 GMT+0000 (UTC)
410510080,2015,2,24,3,40,0,8.7254953,2.1285646,2.1228666,30.115999,336.30746,21.435427,1.05933,0,67.804665,23.563999,2.0982327,2.5192266,260.70148,0.0023766668,1.0652,0.48089334,,,,,,,,,Fri May 15 2015 16:18:56 GMT+0000 (UTC),Fri May 15 2015 16:18:56 GMT+0000 (UTC)
410510080,2015,2,24,3,45,0,18.907074,3.514698,1.4439334,30.115999,359.03665,22.720673,0.92125064,0,67.812401,26.235363,1.3652605,1.94472,283.9743,0.0027733333,1.0496,0.64493066,,,,,,,,,Fri May 15 2015 16:18:56 GMT+0000 (UTC),Fri May 15 2015 16:18:56 GMT+0000 (UTC)
410510080,2015,2,24,3,50,0,7.1544366,2.8240032,2.5322666,30.115999,321.41125,23.406717,1.097084,0,66.83773,26.230713,2.512511,1.9307866,313.42606,0.0021966666,1.0036,0.62712932,,,,,,,,,Fri May 15 2015 16:18:56 GMT+0000 (UTC),Fri May 15 2015 16:18:56 GMT+0000 (UTC)
410510080,2015,2,24,3,55,0,15.925459,3.2277961,1.647,30.115999,346.63535,25.063473,1.1127026,0,68.877731,28.291273,1.583334,1.9166133,313.2149,0.0010466666,0.87040001,0.65538335,,,,,,,,,Fri May 15 2015 16:18:56 GMT+0000 (UTC),Fri May 15 2015 16:18:56 GMT+0000 (UTC)
410510080,2015,2,24,4,0,0,9.62043,4.8054581,1.6558666,30.115999,67.946495,24.385698,1.09008,0,69.01693,29.191151,1.632508,1.9815466,383.04404,9.5999998E-4,0.7377333,0.77853334,,,,,,,,,Fri May 15 2015 16:18:56 GMT+0000 (UTC),Fri May 15 2015 16:18:56 GMT+0000 (UTC)
410510080,2015,2,24,4,5,0,26.118734,5.4433765,1.3338667,30.115999,156.01839,23.769924,1.178876,0,69.928398,29.213306,1.1951762,1.4223599,408.06268,0.0016366667,0.61946666,1.2139753,,,,,,,,,Fri May 15 2015 16:18:56 GMT+0000 (UTC),Fri May 15 2015 16:18:56 GMT+0000 (UTC)
410510080,2015,2,24,4,10,0,9.3993502,5.510838,2.3131332,30.118839,178.1517,23.877403,1.2717113,0,70.734802,29.388245,2.2819855,1.44708,525.4574,0.0012766666,0.50080001,0.99854398,,,,,,,,,Fri May 15 2015 16:18:56 GMT+0000 (UTC),Fri May 15 2015 16:18:56 GMT+0000 (UTC)
410510080,2015,2,24,4,15,0,4.7427731,6.2741961,1.9213333,30.121,189.57445,23.537262,1.4451014,0,71.370796,29.811445,1.9147462,1.6471334,382.17221,4.3333333E-4,0.33626667,0.76275003,,,,,,,,,Fri May 15 2015 16:18:56 GMT+0000 (UTC),Fri May 15 2015 16:18:56 GMT+0000 (UTC)
410510080,2015,2,24,4,20,0,9.2650051,10.38995,0.92893332,30.115999,168.7648,23.099064,1.4221053,0,70.468933,33.489029,0.9167797,1.7161067,577.96869,2.1333333E-4,0.41466665,0.79164934,,,,,,,,,Fri May 15 2015 16:18:56 GMT+0000 (UTC),Fri May 15 2015 16:18:56 GMT+0000 (UTC)
410510080,2015,2,24,4,25,0,27.724697,12.416352,1.0784,30.115999,143.62755,24.957247,1.3004333,0,71.100533,37.373604,0.95205927,1.7521733,532.69531,7.5666665E-4,0.27066666,0.974186,,,,,,,,,Fri May 15 2015 16:18:56 GMT+0000 (UTC),Fri May 15 2015 16:18:56 GMT+0000 (UTC)
410510080,2015,2,24,4,30,0,7.1377535,12.126598,1.5101334,30.115999,184.44759,24.905527,1.3390713,0,71.55867,37.03212,1.4984069,1.8419867,743.63147,4.0333334E-4,0.25066668,0.76553333,,,,,,,,,Fri May 15 2015 16:18:56 GMT+0000 (UTC),Fri May 15 2015 16:18:56 GMT+0000 (UTC)
410510080,2015,2,24,4,35,0,14.922091,13.145741,1.5718666,30.115999,160.10495,23.713423,1.4849147,0,71.334,36.859165,1.5185202,1.4575599,572.45551,2.4666666E-4,0.11866666,0.70216799,,,,,,,,,Fri May 15 2015 16:18:56 GMT+0000 (UTC),Fri May 15 2015 16:18:56 GMT+0000 (UTC)
410510080,2015,2,24,4,40,0,3.9781792,15.247696,2.4582,30.11128,138.36145,23.524044,1.5389054,0,71.79187,38.771744,2.4522705,1.0417466,430.0329,8.0666668E-4,-0.0063999998,0.99113935,,,,,,,,,Fri May 15 2015 16:18:56 GMT+0000 (UTC),Fri May 15 2015 16:18:56 GMT+0000 (UTC)
410510080,2015,2,24,4,45,0,5.3882976,15.82513,3.5145333,30.110319,142.59073,24.034943,1.4447653,0,72.058533,39.860069,3.4989808,1.07848,450.51883,6.866667E-4,0.0040000002,0.875862,,,,,,,,,Fri May 15 2015 16:18:56 GMT+0000 (UTC),Fri May 15 2015 16:18:56 GMT+0000 (UTC)
410510080,2015,2,24,4,50,0,3.1014814,17.21274,2.8941333,30.110479,150.08672,24.486238,1.389854,0,72.175468,41.698994,2.8898902,1.2306533,499.17215,6.5666664E-4,-0.16599999,0.8075273,,,,,,,,,Fri May 15 2015 16:18:56 GMT+0000 (UTC),Fri May 15 2015 16:18:56 GMT+0000 (UTC)
410510080,2015,2,24,4,55,0,8.3572569,18.332035,2.5312667,30.110279,148.20979,25.07419,1.3721267,0,72.403999,43.406235,2.5043206,1.3768933,492.01208,6.4333336E-4,-0.30000001,0.79268736,,,,,,,,,Fri May 15 2015 16:18:56 GMT+0000 (UTC),Fri May 15 2015 16:18:56 GMT+0000 (UTC)
410510080,2015,2,24,5,0,0,4.5351067,19.706896,2.7583334,30.110001,143.54858,25.235046,1.457502,0,73.702797,44.941936,2.7496867,1.3527334,477.37234,5.5333332E-4,-0.39199999,0.73482269,,,,,,,,,Fri May 15 2015 16:18:56 GMT+0000 (UTC),Fri May 15 2015 16:18:56 GMT+0000 (UTC)
410510080,2015,2,24,5,5,0,13.2174,25.84206,2.5155334,30.110001,141.19582,25.95153,1.6442994,0,73.920265,51.793587,2.4485524,1.3424534,453.81189,6.0333335E-4,-0.36359999,0.73878002,,,,,,,,,Fri May 15 2015 16:18:56 GMT+0000 (UTC),Fri May 15 2015 16:18:56 GMT+0000 (UTC)
410510080,2015,2,24,5,10,0,5.0456562,22.767799,2.6796668,30.110001,156.16498,24.408348,1.7257921,0,74.022667,47.176144,2.6692688,1.30576,852.11194,0.0011,-0.36813334,0.89533931,,,,,,,,,Fri May 15 2015 16:18:56 GMT+0000 (UTC),Fri May 15 2015 16:18:56 GMT+0000 (UTC)
410510080,2015,2,24,5,15,0,20.200882,25.322203,1.8872666,30.110001,192.39185,25.487532,1.7392666,0,74.105331,50.809723,1.769884,1.3704534,838.17603,0.0011066666,-0.33773333,0.87987733,,,,,,,,,Fri May 15 2015 16:18:56 GMT+0000 (UTC),Fri May 15 2015 16:18:56 GMT+0000 (UTC)
410510080,2015,2,24,5,20,0,14.501335,25.329828,1.6754667,30.11524,233.30432,24.845709,1.7490886,0,73.860535,50.175537,1.6217657,1.26536,565.94617,6.0666667E-4,-0.46426666,0.90718931,,,,,,,,,Fri May 15 2015 16:18:56 GMT+0000 (UTC),Fri May 15 2015 16:18:56 GMT+0000 (UTC)
410510080,2015,2,24,5,25,0,7.142911,28.466339,1.9761333,30.115999,227.25826,25.163849,1.6429373,0,74.282402,53.630192,1.9607661,1.19384,544.16571,6.3999998E-4,-0.50279999,0.86706132,,,,,,,,,Fri May 15 2015 16:18:56 GMT+0000 (UTC),Fri May 15 2015 16:18:56 GMT+0000 (UTC)
410510080,2015,2,24,5,30,0,10.732839,33.111149,1.9950666,30.11824,301.64731,25.541533,1.603562,0,73.832802,58.652679,1.9600387,0.98465335,544.9314,5.2666664E-4,-0.38973334,0.85897666,,,,,,,,,Fri May 15 2015 16:18:56 GMT+0000 (UTC),Fri May 15 2015 16:18:56 GMT+0000 (UTC)
410510080,2015,2,24,5,35,0,7.0808802,50.410912,3.0954666,30.122,315.05502,26.141611,1.8161587,0,73.690269,76.552528,3.0718112,1.1009333,880.42273,6.6999998E-4,-0.52866668,0.84154397,,,,,,,,,Fri May 15 2015 16:18:56 GMT+0000 (UTC),Fri May 15 2015 16:18:56 GMT+0000 (UTC)
410510080,2015,2,24,5,40,0,4.7667675,45.409527,3.1163332,30.122,327.10464,26.050848,1.9958267,0,74.357597,71.46035,3.1055408,1.14384,772.23242,6.6999998E-4,-0.52333331,0.83650935,,,,,,,,,Fri May 15 2015 16:18:56 GMT+0000 (UTC),Fri May 15 2015 16:18:56 GMT+0000 (UTC)
410510080,2015,2,24,5,45,0,10.13407,58.680576,2.0023999,30.121599,349.3476,27.534769,2.0580854,0,75.476936,86.21534,1.9710563,1.26524,703.31067,6.6000002E-4,-0.60360003,0.82568467,,,,,,,,,Fri May 15 2015 16:18:56 GMT+0000 (UTC),Fri May 15 2015 16:18:56 GMT+0000 (UTC)
410510080,2015,2,24,5,50,0,5.07584,46.252136,1.1612,30.11828,349.82513,25.324179,2.1706126,0,75.329865,71.576309,1.1566402,1.2053601,821.92926,5.2666664E-4,-0.65853333,0.83199602,,,,,,,,,Fri May 15 2015 16:18:56 GMT+0000 (UTC),Fri May 15 2015 16:18:56 GMT+0000 (UTC)
410510080,2015,2,24,5,55,0,40.031422,42.743084,1.1605999,30.115999,81.298859,23.788809,2.1139746,0,75.949997,66.531883,0.87712508,1.2369334,752.47461,4.2666667E-4,-0.85600001,0.81780869,,,,,,,,,Fri May 15 2015 16:18:56 GMT+0000 (UTC),Fri May 15 2015 16:18:56 GMT+0000 (UTC)
410510080,2015,2,24,6,0,0,9.0267458,44.492073,2.5337999,30.115999,128.88863,23.230719,2.1731,0,76.624664,67.722778,2.5023322,0.93293333,731.36505,6.9000002E-4,-0.85119998,0.91266602,,,,,,,,,Fri May 15 2015 16:18:56 GMT+0000 (UTC),Fri May 15 2015 16:18:56 GMT+0000 (UTC)
410510080,2015,2,24,6,5,0,15.100078,48.490276,1.821,30.115999,107.0456,23.482491,2.1731,0,75.078667,71.972748,1.7577153,0.86688,769.2041,0.0013333333,-0.81760001,1.2005473,,,,,,,,,Fri May 15 2015 16:18:56 GMT+0000 (UTC),Fri May 15 2015 16:18:56 GMT+0000 (UTC)
410510080,2015,2,24,6,10,0,3.9429989,53.68256,2.1260667,30.120119,89.337418,25.478443,2.1731,0,75.532936,79.160988,2.1210287,1.05944,695.3158,5.7333335E-4,-0.85213333,0.858904,,,,,,,,,Fri May 15 2015 16:18:56 GMT+0000 (UTC),Fri May 15 2015 16:18:56 GMT+0000 (UTC)
410510080,2015,2,24,6,15,0,1.8516819,69.559364,2.7637999,30.1164,98.780678,26.221216,2.2236781,0,76.994797,95.780563,2.7623556,1.14916,669.35486,8.3333332E-5,-0.94679999,0.75600469,,,,,,,,,Fri May 15 2015 16:18:56 GMT+0000 (UTC),Fri May 15 2015 16:18:56 GMT+0000 (UTC)
410510080,2015,2,24,6,20,0,13.860024,58.244915,2.6066666,30.1168,110.44847,25.15556,2.0969493,0,77.091469,83.400475,2.5303457,0.92360002,661.85339,2.4333333E-4,-0.8785333,0.79893064,,,,,,,,,Fri May 15 2015 16:18:56 GMT+0000 (UTC),Fri May 15 2015 16:18:56 GMT+0000 (UTC)
410510080,2015,2,24,6,25,0,12.892782,58.860649,1.9667333,30.115999,118.09852,25.563562,2.0249407,0,77.026535,84.424194,1.9169059,0.74978667,840.39423,7.9000002E-4,-0.93013334,0.95215136,,,,,,,,,Fri May 15 2015 16:18:56 GMT+0000 (UTC),Fri May 15 2015 16:18:56 GMT+0000 (UTC)
410510080,2015,2,24,6,30,0,14.53327,59.159916,1.9426,30.118441,128.04858,26.075546,2.0569446,0,77.695068,85.235451,1.8800625,1.0739467,850.76447,0.0011766667,-1.0290667,1.0471367,,,,,,,,,Fri May 15 2015 16:18:56 GMT+0000 (UTC),Fri May 15 2015 16:18:56 GMT+0000 (UTC)
410510080,2015,2,24,6,35,0,14.08159,59.025272,1.9028667,30.122,127.49356,25.467819,2.0536821,5.3333333E-6,78.005867,84.493065,1.8453569,1.3647866,793.57275,0.0011233333,-1.1604,1.0324334,,,,,,,,,Fri May 15 2015 16:18:56 GMT+0000 (UTC),Fri May 15 2015 16:18:56 GMT+0000 (UTC)
410510080,2015,2,24,6,40,0,9.2666674,59.021606,2.4952667,30.121481,135.95245,25.431828,2.066252,3.6533334E-4,78.215736,84.45343,2.4626083,1.23632,753.52692,0.0011533333,-1.1012,1.03719,,,,,,,,,Fri May 15 2015 16:18:56 GMT+0000 (UTC),Fri May 15 2015 16:18:56 GMT+0000 (UTC)
410510080,2015,2,24,6,45,0,11.682957,59.287868,1.7303333,30.1222,138.08401,25.470316,2.1815753,0.0013786666,77.420532,84.758179,1.6943364,1.2867466,864.21161,0.0014299999,-1.0609334,1.2056366,,,,,,,,,Fri May 15 2015 16:18:56 GMT+0000 (UTC),Fri May 15 2015 16:18:56 GMT+0000 (UTC)
410510080,2015,2,24,6,50,0,3.9428713,58.586746,1.728,30.12772,136.77382,25.644039,2.0633299,0.0041306666,78.0728,84.230782,1.7239056,1.3453734,1408.1414,0.0010766666,-1.1237333,1.0091766,,,,,,,,,Fri May 15 2015 16:18:56 GMT+0000 (UTC),Fri May 15 2015 16:18:56 GMT+0000 (UTC)
410510080,2015,2,24,6,55,0,24.724392,58.353638,1.2704667,30.128,208.61349,25.718533,1.9148607,0.0066,77.110535,84.072159,1.1520959,1.07928,1259.1027,8.5436244E-4,-0.88239998,0.91136467,,,,,,,,,Fri May 15 2015 16:18:56 GMT+0000 (UTC),Fri May 15 2015 16:18:56 GMT+0000 (UTC)
410510080,2015,2,24,7,0,0,9.1640511,68.339905,2.2562666,30.12324,198.38445,23.804972,1.8991853,0.0085386671,77.447731,92.144875,2.2273867,1.13712,820.87836,,-0.94080001,0.86609066,,,,,,,,,Fri May 15 2015 16:18:56 GMT+0000 (UTC),Fri May 15 2015 16:18:56 GMT+0000 (UTC)
410510080,2015,2,24,7,5,0,8.8431025,80.986221,1.9022,30.126841,244.35358,26.449249,2.2120919,0.010696,76.86187,107.43546,1.8795277,0.95758665,1015.4762,,-0.92839998,0.89862865,,,,,,,,,Fri May 15 2015 16:18:56 GMT+0000 (UTC),Fri May 15 2015 16:18:56 GMT+0000 (UTC)
410510080,2015,2,24,7,10,0,15.163115,91.360016,2.4745333,30.12336,180.62407,26.794092,2.468482,0.016866667,78.177734,118.15409,2.3878171,0.97248,1151.2003,,-0.97853333,0.91205269,,,,,,,,,Fri May 15 2015 16:18:56 GMT+0000 (UTC),Fri May 15 2015 16:18:56 GMT+0000 (UTC)
410510080,2015,2,24,7,15,0,5.2142048,91.237724,3.7355332,30.121679,155.86667,23.333328,2.5752659,0.025682667,78.405197,114.57104,3.7200537,0.76972002,1234.8341,3.9090909E-4,-1.0256,0.88627732,,,,,,,,,Fri May 15 2015 16:18:56 GMT+0000 (UTC),Fri May 15 2015 16:18:56 GMT+0000 (UTC)
410510080,2015,2,24,7,20,0,5.4444718,109.54271,4.2309999,30.12196,147.19919,18.350849,2.62082,0.035165332,77.166664,127.89354,4.2118845,0.72378665,1550.2856,8.166667E-4,-0.87026668,0.96762598,,,,,,,,,Fri May 15 2015 16:18:56 GMT+0000 (UTC),Fri May 15 2015 16:18:56 GMT+0000 (UTC)
410510080,2015,2,24,7,25,0,6.4257689,110.05463,4.7376666,30.11832,152.16565,28.42063,3.0292532,0.045688,77.59613,138.47523,4.7078509,0.80831999,1778.3818,0.0018966667,-0.74386668,1.2895067,,,,,,,,,Fri May 15 2015 16:18:56 GMT+0000 (UTC),Fri May 15 2015 16:18:56 GMT+0000 (UTC)
410510080,2015,2,24,7,30,0,9.5382957,113.68635,4.8970666,30.115999,154.85681,26.219587,3.3574286,0.054029334,76.897331,139.90593,4.8291607,0.76419997,1666.0677,0.0012166667,-0.51319999,1.0963867,,,,,,,,,Fri May 15 2015 16:18:56 GMT+0000 (UTC),Fri May 15 2015 16:18:56 GMT+0000 (UTC)
410510080,2015,2,24,7,35,0,9.1883802,110.11819,5.0417333,30.115999,147.1228,26.070879,3.1469808,0.068082668,75.691467,136.18907,4.9768567,0.61601335,1390.5291,7.8333332E-4,-0.1876,1.0530066,,,,,,,,,Fri May 15 2015 16:18:56 GMT+0000 (UTC),Fri May 15 2015 16:18:56 GMT+0000 (UTC)
410510080,2015,2,24,7,40,0,14.041612,107.0551,2.6316667,30.115999,147.18097,26.861181,3.1035066,0.083709337,74.587196,133.91628,2.5525815,0.51777333,1564.8036,9.0666668E-4,-0.048533332,1.0862933,,,,,,,,,Fri May 15 2015 16:18:56 GMT+0000 (UTC),Fri May 15 2015 16:18:56 GMT+0000 (UTC)
410510080,2015,2,24,7,45,0,14.251967,103.93755,2.0897999,30.115999,156.92526,27.180208,3.0654926,0.105088,74.743866,131.11775,2.0251029,0.50561333,1227.9121,0.0010566667,0.11226667,1.1127133,,,,,,,,,Fri May 15 2015 16:18:56 GMT+0000 (UTC),Fri May 15 2015 16:18:56 GMT+0000 (UTC)
410510080,2015,2,24,7,50,0,19.134382,96.447464,2.0048666,30.115999,176.34988,27.265076,3.1549532,0.10630933,73.284935,123.71252,1.8929887,0.74930668,1169.123,0.0013666666,0.1076,1.1899134,,,,,,,,,Fri May 15 2015 16:18:56 GMT+0000 (UTC),Fri May 15 2015 16:18:56 GMT+0000 (UTC)
410510080,2015,2,24,7,55,0,40.943695,87.440422,1.1668,30.118561,247.58432,26.86846,3.1279366,0.15507467,72.02227,114.30887,0.86867362,0.59585333,1132.131,0.00184,0.40786666,1.3941141,,,,,,,,,Fri May 15 2015 16:18:56 GMT+0000 (UTC),Fri May 15 2015 16:18:56 GMT+0000 (UTC)
410510080,2015,2,24,8,0,0,18.979145,87.60302,1.7796,30.1506,223.39931,26.064074,3.1278234,0.17329334,71.566002,113.66708,1.6818975,0.50369334,1092.2279,0.0014033334,0.80919999,,,,,,,,,,Fri May 15 2015 16:18:56 GMT+0000 (UTC),Fri May 15 2015 16:18:56 GMT+0000 (UTC)
410510080,2015,2,24,8,5,0,21.739643,73.222305,2.3190668,30.14908,213.67978,26.085169,2.9551766,0.171112,69.886131,99.307457,2.1520164,0.57884002,1000.3232,0.0012166667,1.1982666,,,,,,,,,,Fri May 15 2015 16:18:56 GMT+0000 (UTC),Fri May 15 2015 16:18:56 GMT+0000 (UTC)
410510080,2015,2,24,8,10,0,32.141262,65.264168,1.1177334,30.1222,242.24199,26.167143,2.8229599,0.19992,67.373337,91.431305,0.94174093,0.32970667,1152.3552,0.0012966667,1.6146667,0.79343885,,,,,,,,,Fri May 15 2015 16:18:56 GMT+0000 (UTC),Fri May 15 2015 16:18:56 GMT+0000 (UTC)
410510080,2015,2,24,8,15,0,31.682974,46.068302,1.409,30.122,269.02393,25.32098,2.6883974,0.20898667,65.418663,71.389275,1.1934278,0.29993334,700.28467,0.0020566666,1.9429333,0.78738397,,,,,,,,,Fri May 15 2015 16:18:56 GMT+0000 (UTC),Fri May 15 2015 16:18:56 GMT+0000 (UTC)
410510080,2015,2,24,8,20,0,44.883522,35.953293,1.4406667,30.122,259.51865,25.9359,2.5013666,0.057298668,64.133736,61.889194,0.99831533,0.39977333,633.76123,0.0030133333,2.1312001,0.74804133,,,,,,,,,Fri May 15 2015 16:18:56 GMT+0000 (UTC),Fri May 15 2015 16:18:56 GMT+0000 (UTC)
410510080,2015,2,24,8,25,0,30.480789,31.500942,1.6702666,30.122,204.30884,22.624052,2.1901233,0.082029335,62.911335,54.125,1.4337465,0.47044,591.2807,0.0041833334,2.358,0.73717803,,,,,,,,,Fri May 15 2015 16:18:56 GMT+0000 (UTC),Fri May 15 2015 16:18:56 GMT+0000 (UTC)
410510080,2015,2,24,8,30,0,17.772615,18.747149,2.5320001,30.122,180.6445,19.959152,1.900364,0.25437334,61.274399,38.706303,2.4101021,0.49983999,483.20114,0.00655,2.6477334,0.71806335,,,,,,,,,Fri May 15 2015 16:18:56 GMT+0000 (UTC),Fri May 15 2015 16:18:56 GMT+0000 (UTC)
410510080,2015,2,24,8,35,0,15.555113,17.641804,2.4502666,30.122,182.11874,20.208595,1.6834407,0.27562401,61.150002,37.850388,2.3599038,0.66214669,455.74612,0.0073899999,2.8438666,0.74379134,,,,,,,,,Fri May 15 2015 16:18:56 GMT+0000 (UTC),Fri May 15 2015 16:18:56 GMT+0000 (UTC)
410510080,2015,2,24,8,40,0,23.773861,15.370467,2.7022667,30.122,148.85295,18.949146,1.376848,0.26958135,59.947334,34.319599,2.4694803,0.17193334,424.98245,0.0084433332,3.4557333,0.75045735,,,,,,,,,Fri May 15 2015 16:18:56 GMT+0000 (UTC),Fri May 15 2015 16:18:56 GMT+0000 (UTC)
410510080,2015,2,24,8,45,0,20.210524,14.850738,2.9948001,30.12076,135.96759,19.421209,1.224978,0.28898934,58.7868,34.271942,2.8083541,0.053466666,421.06049,0.0089800004,3.8006666,0.72509134,,,,,,,,,Fri May 15 2015 16:18:56 GMT+0000 (UTC),Fri May 15 2015 16:18:56 GMT+0000 (UTC)
410510080,2015,2,24,8,50,0,29.637861,14.021033,2.3508,30.122,170.78729,18.49489,1.2705753,0.32650134,56.904133,32.515907,2.0360692,0.10781334,417.26523,0.010593333,4.1623998,0.70643997,,,,,,,,,Fri May 15 2015 16:18:56 GMT+0000 (UTC),Fri May 15 2015 16:18:56 GMT+0000 (UTC)
410510080,2015,2,24,8,55,0,13.272952,13.185312,3.2423999,30.1222,184.83757,16.036577,0.94030136,0.340664,56.019466,29.221882,3.1553373,0.11768,372.99124,0.012433333,4.4196,0.71634001,,,,,,,,,Fri May 15 2015 16:18:56 GMT+0000 (UTC),Fri May 15 2015 16:18:56 GMT+0000 (UTC)
410510080,2015,2,24,9,0,0,43.134716,10.44383,2.2372,30.126841,213.71736,13.677229,0.79968131,0.35675734,55.882801,24.121058,1.6027627,0.069666669,360.39676,0.014106667,4.5214667,0.68440932,,,,,,,,,Fri May 15 2015 16:18:56 GMT+0000 (UTC),Fri May 15 2015 16:18:56 GMT+0000 (UTC)
410510080,2015,2,24,9,5,0,38.185051,9.4895144,2.003,30.12804,217.47603,14.593767,0.59672135,0.37384799,55.955734,24.08329,1.5578589,0.14761333,324.46307,0.013463333,4.6608,0.69101,,,,,,,,,Fri May 15 2015 16:18:56 GMT+0000 (UTC),Fri May 15 2015 16:18:56 GMT+0000 (UTC)
410510080,2015,2,24,9,10,0,32.622604,9.2122564,2.0020666,30.12812,272.83102,14.518725,0.63104802,0.39363733,56.007465,23.730976,1.6773192,0.12028,417.03293,0.014396667,4.8925333,0.71230799,,,,,,,,,Fri May 15 2015 16:18:56 GMT+0000 (UTC),Fri May 15 2015 16:18:56 GMT+0000 (UTC)
410510080,2015,2,24,9,15,0,46.229465,9.2184477,1.5831333,30.13072,214.76837,14.433562,0.61995065,0.41216001,55.419468,23.652008,1.0674475,0.1082,386.85645,0.01491,4.9585333,0.72906202,,,,,,,,,Fri May 15 2015 16:18:56 GMT+0000 (UTC),Fri May 15 2015 16:18:56 GMT+0000 (UTC)
410510080,2015,2,24,9,20,0,47.97121,9.1370897,2.1756666,30.133881,199.98453,14.219251,0.49272999,0.41925067,54.670532,23.35635,1.4125627,0.13492,365.01202,0.014923333,5.1441336,0.71486866,,,,,,,,,Fri May 15 2015 16:18:56 GMT+0000 (UTC),Fri May 15 2015 16:18:56 GMT+0000 (UTC)
410510080,2015,2,24,9,25,0,56.350647,8.8981972,1.7000667,30.128321,257.37234,14.081403,0.589396,0.348744,53.1996,22.979576,0.87726778,0.073573336,356.68167,0.016563334,5.6388001,0.66946203,,,,,,,,,Fri May 15 2015 16:18:56 GMT+0000 (UTC),Fri May 15 2015 16:18:56 GMT+0000 (UTC)
410510080,2015,2,24,9,30,0,28.498079,8.6555004,2.2085333,30.128,186.43028,13.680525,0.65073001,0.44692001,52.647865,22.336044,1.9351543,0.13646667,331.25211,0.016203333,5.7453332,0.66752732,,,,,,,,,Fri May 15 2015 16:18:56 GMT+0000 (UTC),Fri May 15 2015 16:18:56 GMT+0000 (UTC)
410510080,2015,2,24,9,35,0,15.461958,8.5962353,2.5924666,30.128,208.57661,13.824578,0.66189933,0.45969334,51.634132,22.420818,2.4980013,-0.063213333,325.30484,0.016380001,6.0217333,0.64585799,,,,,,,,,Fri May 15 2015 16:18:56 GMT+0000 (UTC),Fri May 15 2015 16:18:56 GMT+0000 (UTC)
410510080,2015,2,24,9,40,0,29.046867,8.5862989,2.1205332,30.128679,221.83633,13.708594,0.58803135,0.47329333,51.772667,22.294878,1.8478404,-0.053533334,316.61362,0.016343333,6.2227998,0.64370733,,,,,,,,,Fri May 15 2015 16:18:56 GMT+0000 (UTC),Fri May 15 2015 16:18:56 GMT+0000 (UTC)
410510080,2015,2,24,9,45,0,23.517826,8.985652,3.1067333,30.134001,217.70477,13.998345,0.51414669,0.48689866,51.171467,22.984003,2.8448374,-0.15459999,320.35516,0.01469,6.5781331,0.64259398,,,,,,,,,Fri May 15 2015 16:18:56 GMT+0000 (UTC),Fri May 15 2015 16:18:56 GMT+0000 (UTC)
410510080,2015,2,24,9,50,0,24.102787,9.7836876,2.3286667,30.134001,206.59546,14.913502,0.606062,0.50052798,50.023869,24.697186,2.1224747,-0.26128,326.20645,0.015673334,6.6464,0.63343734,,,,,,,,,Fri May 15 2015 16:18:56 GMT+0000 (UTC),Fri May 15 2015 16:18:56 GMT+0000 (UTC)
410510080,2015,2,24,9,55,0,41.240326,11.159434,2.1203334,30.13052,199.78659,16.130396,0.74632531,0.51437336,50.206665,27.289831,1.5706935,-0.20355999,331.13837,0.01447,6.7585335,0.64706135,,,,,,,,,Fri May 15 2015 16:18:56 GMT+0000 (UTC),Fri May 15 2015 16:18:56 GMT+0000 (UTC)
410510080,2015,2,24,10,0,0,48.300587,13.954699,2.3069999,30.128361,232.13321,17.074102,0.78983802,0.52696264,50.434933,31.028782,1.4866817,-0.18365334,357.24765,0.0141,7.0739999,0.63133335,,,,,,,,,Fri May 15 2015 16:18:56 GMT+0000 (UTC),Fri May 15 2015 16:18:56 GMT+0000 (UTC)
410510080,2015,2,24,10,5,0,34.177692,13.174172,1.1304667,30.133961,155.57678,16.424749,0.78447932,0.54029602,50.051735,29.598902,0.9291994,-0.27888,333.18054,0.015743334,7.2894669,0.61088067,,,,,,,,,Fri May 15 2015 16:18:56 GMT+0000 (UTC),Fri May 15 2015 16:18:56 GMT+0000 (UTC)
410510080,2015,2,24,10,10,0,45.017262,13.322735,2.5387332,30.134001,255.78323,16.35836,0.75970733,0.55396533,49.406399,29.681091,1.7545724,-0.12722667,337.02899,0.014573334,7.7397332,0.60551667,,,,,,,,,Fri May 15 2015 16:18:56 GMT+0000 (UTC),Fri May 15 2015 16:18:56 GMT+0000 (UTC)
410510080,2015,2,24,10,15,0,28.244938,14.611316,3.5483334,30.134159,225.15297,16.837767,1.0681547,0.56560802,47.959732,31.449089,3.1168783,-0.34354666,356.23694,0.014983334,8.0102663,0.60875136,,,,,,,,,Fri May 15 2015 16:18:56 GMT+0000 (UTC),Fri May 15 2015 16:18:56 GMT+0000 (UTC)
410510080,2015,2,24,10,20,0,21.377054,14.808257,3.1443334,30.13516,206.41594,16.319242,1.2387747,0.57308,47.490135,31.127489,2.9253283,-0.68882668,343.76334,0.015446667,8.0215998,0.60953802,,,,,,,,,Fri May 15 2015 16:18:56 GMT+0000 (UTC),Fri May 15 2015 16:18:56 GMT+0000 (UTC)
410510080,2015,2,24,10,25,0,37.21487,13.662677,2.1424,30.134001,205.85661,16.49872,1.2532773,0.57825333,47.391468,30.161388,1.6901656,-0.66809332,335.71912,0.01532,8.4043999,0.60934532,,,,,,,,,Fri May 15 2015 16:18:56 GMT+0000 (UTC),Fri May 15 2015 16:18:56 GMT+0000 (UTC)
410510080,2015,2,24,10,30,0,34.442741,13.121866,2.4981999,30.134001,178.6834,16.493301,1.2908313,0.59806931,46.8988,29.615156,2.0464973,-0.56636,340.16571,0.015873333,8.5044003,0.62218201,,,,,,,,,Fri May 15 2015 16:18:56 GMT+0000 (UTC),Fri May 15 2015 16:18:56 GMT+0000 (UTC)
410510080,2015,2,24,10,35,0,37.098705,14.142589,2.6177332,30.134001,175.52959,16.367575,1.3190793,0.60840267,46.857201,30.510157,2.0686061,-0.57925332,347.4534,0.01524,8.5242662,0.63074332,,,,,,,,,Fri May 15 2015 16:18:56 GMT+0000 (UTC),Fri May 15 2015 16:18:56 GMT+0000 (UTC)
410510080,2015,2,24,10,40,0,23.637783,15.02779,3.2265999,30.134001,194.8205,16.224533,1.1374427,0.62115467,46.544266,31.25231,2.9518178,-0.59306669,349.59714,0.01429,8.9461336,0.64200264,,,,,,,,,Fri May 15 2015 16:18:56 GMT+0000 (UTC),Fri May 15 2015 16:18:56 GMT+0000 (UTC)
410510080,2015,2,24,10,45,0,20.723978,15.297177,2.4188001,30.134001,211.42627,16.469814,1.2496147,0.63295197,45.639065,31.766991,2.2604654,-0.61781335,343.27579,0.015033334,9.1154671,0.62743866,,,,,,,,,Fri May 15 2015 16:18:56 GMT+0000 (UTC),Fri May 15 2015 16:18:56 GMT+0000 (UTC)
410510080,2015,2,24,10,50,0,66.3862,15.104052,1.9034667,30.134001,127.41982,16.375809,1.211036,0.64186931,45.623734,31.479853,0.62487805,-0.36617333,348.54849,0.015363334,9.1197329,0.62212336,,,,,,,,,Fri May 15 2015 16:18:56 GMT+0000 (UTC),Fri May 15 2015 16:18:56 GMT+0000 (UTC)
410510080,2015,2,24,10,55,0,28.492336,14.813562,3.8177333,30.1376,227.97122,16.394516,1.0112554,0.65158665,45.317066,31.208063,3.3453531,-0.48532,339.74426,0.016249999,9.6658669,0.63246536,,,,,,,,,Fri May 15 2015 16:18:56 GMT+0000 (UTC),Fri May 15 2015 16:18:56 GMT+0000 (UTC)
410510080,2015,2,24,11,0,0,30.312275,12.533523,3.073,30.139999,228.88316,15.455154,0.81921065,0.66559464,43.929733,27.98867,2.6426423,-0.73973334,325.38812,0.017536666,9.4731998,0.63967001,,,,,,,,,Fri May 15 2015 16:18:56 GMT+0000 (UTC),Fri May 15 2015 16:18:56 GMT+0000 (UTC)
410510080,2015,2,24,11,5,0,54.389103,10.794161,2.3283334,30.139999,286.43994,14.40202,0.73168468,0.66866398,44.880402,25.196178,1.2785519,-0.39553332,315.31573,0.018423334,9.3142662,0.66378868,,,,,,,,,Fri May 15 2015 16:18:56 GMT+0000 (UTC),Fri May 15 2015 16:18:56 GMT+0000 (UTC)
410510080,2015,2,24,11,10,0,18.696655,11.824442,3.0912001,30.139999,300.34265,15.580305,0.74108869,0.64999467,43.642265,27.404736,2.9265034,-0.88336003,339.61899,0.01763,9.8964005,0.66389734,,,,,,,,,Fri May 15 2015 16:18:56 GMT+0000 (UTC),Fri May 15 2015 16:18:56 GMT+0000 (UTC)
410510080,2015,2,24,11,15,0,69.022697,10.985219,2.609,30.139999,301.39661,13.924384,0.75588131,0.67801601,42.577732,24.909611,0.7145294,-0.47302666,308.58459,0.019710001,9.7572002,0.6663307,,,,,,,,,Fri May 15 2015 16:18:56 GMT+0000 (UTC),Fri May 15 2015 16:18:56 GMT+0000 (UTC)
410510080,2015,2,24,11,20,0,24.688696,9.9202919,3.0174,30.139999,197.49034,11.876122,0.66631669,0.694704,42.253735,21.796425,2.7370768,-0.78512001,302.70615,0.0218,10.088133,0.68832666,,,,,,,,,Fri May 15 2015 16:18:56 GMT+0000 (UTC),Fri May 15 2015 16:18:56 GMT+0000 (UTC)
410510080,2015,2,24,11,25,0,30.314772,9.1865139,2.9892001,30.1364,141.56294,12.213017,0.64470065,0.69575202,43.582001,21.399527,2.5705092,-0.51568002,297.74655,0.020996667,9.9918671,0.69446802,,,,,,,,,Fri May 15 2015 16:18:56 GMT+0000 (UTC),Fri May 15 2015 16:18:56 GMT+0000 (UTC)
410510080,2015,2,24,11,30,0,56.998444,8.9784822,2.3154666,30.139919,321.87576,13.56774,0.72226799,0.70861334,42.537601,22.546215,1.1689126,-0.50306666,302.57742,0.02101,10.383067,0.68539268,,,,,,,,,Fri May 15 2015 16:18:56 GMT+0000 (UTC),Fri May 15 2015 16:18:56 GMT+0000 (UTC)
410510080,2015,2,24,11,35,0,25.088604,8.8743172,2.7383332,30.138359,312.42191,13.263977,0.82918864,0.71890932,40.382,22.138288,2.4756277,-0.55094665,303.43063,0.022676667,10.4812,0.64934731,,,,,,,,,Fri May 15 2015 16:18:56 GMT+0000 (UTC),Fri May 15 2015 16:18:56 GMT+0000 (UTC)
410510080,2015,2,24,11,40,0,21.279137,7.3700099,2.0622666,30.134001,319.20197,11.221433,0.7923227,0.730744,38.130932,18.59144,1.9199411,-0.5278933,278.83728,0.025686666,10.590134,0.565,,,,,,,,,Fri May 15 2015 16:18:56 GMT+0000 (UTC),Fri May 15 2015 16:18:56 GMT+0000 (UTC)
410510080,2015,2,24,11,45,0,27.215666,6.5204015,2.0594001,30.134001,310.11234,11.27328,0.771312,0.73795199,37.691734,17.793682,1.8269078,-0.43857333,267.64963,0.025046667,10.4692,0.52811331,,,,,,,,,Fri May 15 2015 16:18:56 GMT+0000 (UTC),Fri May 15 2015 16:18:56 GMT+0000 (UTC)
410510080,2015,2,24,11,50,0,31.283712,6.5159912,3.3464,30.134001,196.339,11.762326,0.82670403,0.73201603,37.083065,18.278324,2.847235,-0.50429332,272.8443,0.025483333,10.797867,0.53530401,,,,,,,,,Fri May 15 2015 16:18:56 GMT+0000 (UTC),Fri May 15 2015 16:18:56 GMT+0000 (UTC)
410510080,2015,2,24,11,55,0,23.299023,6.586482,2.9354668,30.134001,211.9774,11.84319,0.74530065,0.72229332,38.262135,18.42968,2.6925919,-0.49877334,277.17444,0.024046667,11.099067,0.55107534,,,,,,,,,Fri May 15 2015 16:18:56 GMT+0000 (UTC),Fri May 15 2015 16:18:56 GMT+0000 (UTC)
410510080,2015,2,24,12,0,0,48.580467,6.9340129,2.4625332,30.131519,218.87912,12.770133,0.74430001,0.70746398,38.361465,19.704163,1.5767337,-0.56095999,296.88947,0.022463333,11.016267,0.58405864,,,,,,,,,Fri May 15 2015 16:18:56 GMT+0000 (UTC),Fri May 15 2015 16:18:56 GMT+0000 (UTC)
410510080,2015,2,24,12,5,0,31.429382,7.3906679,2.6617999,30.128,129.95418,14.077685,0.74430001,0.74624264,38.316399,21.468363,2.2610466,-0.50006664,291.7131,0.022089999,11.438267,0.58659202,,,,,,,,,Fri May 15 2015 16:18:56 GMT+0000 (UTC),Fri May 15 2015 16:18:56 GMT+0000 (UTC)
410510080,2015,2,24,12,10,0,35.583431,7.7296872,1.9803333,30.128,96.667549,14.13712,0.74430001,0.71130931,37.840534,21.866796,1.5981569,-0.38496,282.13223,0.023399999,11.420667,0.57647198,,,,,,,,,Fri May 15 2015 16:18:56 GMT+0000 (UTC),Fri May 15 2015 16:18:56 GMT+0000 (UTC)
410510080,2015,2,24,12,15,0,30.12323,7.6263294,2.5708001,30.128,150.74664,13.593911,0.75670332,0.66614932,37.2052,21.220245,2.2152495,-0.63572001,278.15866,0.02355,11.673734,0.57279265,,,,,,,,,Fri May 15 2015 16:18:56 GMT+0000 (UTC),Fri May 15 2015 16:18:56 GMT+0000 (UTC)
410510080,2015,2,24,12,20,0,16.337662,7.7009406,3.3080666,30.12756,96.180206,13.65981,0.76032668,0.70512801,38.026535,21.360754,3.1734855,-0.75818664,279.24896,0.02379,11.595467,0.580118,,,,,,,,,Fri May 15 2015 16:18:56 GMT+0000 (UTC),Fri May 15 2015 16:18:56 GMT+0000 (UTC)
410510080,2015,2,24,12,25,0,10.875229,8.1793289,4.3927999,30.12204,74.830185,14.039403,0.77227134,0.74656802,38.387867,22.218746,4.3136139,-0.63673335,290.71286,0.022533333,11.642533,0.57557601,,,,,,,,,Fri May 15 2015 16:18:56 GMT+0000 (UTC),Fri May 15 2015 16:18:56 GMT+0000 (UTC)
410510080,2015,2,24,12,30,0,31.121168,8.5001822,3.2323999,30.122,65.845901,14.385118,0.80240667,0.74262136,37.650932,22.885294,2.7552369,-0.70825332,293.08884,0.023126667,11.755466,0.58027202,,,,,,,,,Fri May 15 2015 16:18:56 GMT+0000 (UTC),Fri May 15 2015 16:18:56 GMT+0000 (UTC)
410510080,2015,2,24,12,35,0,35.557041,8.4799147,3.0633333,30.11964,152.67917,14.258027,1.0015327,0.74021065,36.216934,22.737926,2.4730296,-0.78263998,286.86438,0.023803333,11.994534,0.56733334,,,,,,,,,Fri May 15 2015 16:18:56 GMT+0000 (UTC),Fri May 15 2015 16:18:56 GMT+0000 (UTC)
410510080,2015,2,24,12,40,0,51.361965,8.3944893,2.4974666,30.115999,14.156821,14.287129,0.97750735,0.75818664,36.139599,22.681608,1.4932836,-0.42677334,282.57938,0.023886668,12.0452,0.56783068,,,,,,,,,Fri May 15 2015 16:18:56 GMT+0000 (UTC),Fri May 15 2015 16:18:56 GMT+0000 (UTC)
410510080,2015,2,24,12,45,0,51.878963,8.4218044,2.0863333,30.115999,283.33936,14.252749,0.88530266,0.75866669,38.198002,22.674557,1.230486,-0.34405333,285.7673,0.024350001,12.140133,0.57765067,,,,,,,,,Fri May 15 2015 16:18:56 GMT+0000 (UTC),Fri May 15 2015 16:18:56 GMT+0000 (UTC)
410510080,2015,2,24,12,50,0,44.535511,8.5146875,2.5574,30.115999,20.516006,14.418685,0.95817935,0.76854932,37.277733,22.933365,1.7842896,-0.40621334,285.91022,0.023853334,12.586933,0.56978202,,,,,,,,,Fri May 15 2015 16:18:56 GMT+0000 (UTC),Fri May 15 2015 16:18:56 GMT+0000 (UTC)
410510080,2015,2,24,12,55,0,24.490396,8.4675636,2.6864667,30.114401,43.754883,14.636782,1.0866207,0.68357867,36.434399,23.104343,2.440881,-0.58194667,281.59088,0.02509,12.628933,0.56866133,,,,,,,,,Fri May 15 2015 16:18:57 GMT+0000 (UTC),Fri May 15 2015 16:18:57 GMT+0000 (UTC)
410510080,2015,2,24,13,0,0,28.745134,8.4920473,2.8841333,30.110041,15.826894,14.634104,1.162158,0.66782933,36.5424,23.126154,2.5209098,-0.46350667,283.1442,0.023956666,12.653466,0.56473666,,,,,,,,,Fri May 15 2015 16:18:57 GMT+0000 (UTC),Fri May 15 2015 16:18:57 GMT+0000 (UTC)
410510080,2015,2,24,13,5,0,14.896216,8.704423,3.7720666,30.110001,347.70822,15.621526,1.2158407,0.71869069,36.576267,24.325945,3.6444929,-0.61366665,306.20047,0.023116667,13.0876,0.62172002,,,,,,,,,Fri May 15 2015 16:18:57 GMT+0000 (UTC),Fri May 15 2015 16:18:57 GMT+0000 (UTC)
410510080,2015,2,24,13,10,0,30.195747,8.818182,2.7293999,30.10644,280.92664,15.912142,0.99949068,0.73280799,34.699333,24.730331,2.3500948,-0.43853334,289.56192,0.024173334,12.761467,0.57662201,,,,,,,,,Fri May 15 2015 16:18:57 GMT+0000 (UTC),Fri May 15 2015 16:18:57 GMT+0000 (UTC)
410510080,2015,2,24,13,15,0,29.380058,8.7531424,2.4669333,30.10236,250.39227,15.72455,1.021232,0.73634934,33.653465,24.477701,2.142375,-0.39916,288.9693,0.024186667,12.9076,0.56982398,,,,,,,,,Fri May 15 2015 16:18:57 GMT+0000 (UTC),Fri May 15 2015 16:18:57 GMT+0000 (UTC)
410510080,2015,2,24,13,20,0,33.822289,8.5865803,3.5065999,30.098,170.75745,15.298274,0.88696802,0.73405069,34.385868,23.884861,2.8952045,-0.46219999,288.65964,0.025746666,13.1356,0.56888801,,,,,,,,,Fri May 15 2015 16:18:57 GMT+0000 (UTC),Fri May 15 2015 16:18:57 GMT+0000 (UTC)
410510080,2015,2,24,13,25,0,25.404169,8.2963209,4.6686001,30.096439,161.34479,14.287292,0.78080398,0.715904,33.256001,22.58362,4.209374,-0.51801336,282.66071,0.026986666,13.246533,0.55849266,,,,,,,,,Fri May 15 2015 16:18:57 GMT+0000 (UTC),Fri May 15 2015 16:18:57 GMT+0000 (UTC)
410510080,2015,2,24,13,30,0,28.605244,7.5601525,2.7318001,30.0924,168.10342,11.486854,0.82643735,0.68671733,33.412666,19.047016,2.3911016,-0.60516,262.63156,0.028423334,13.442667,0.57205933,,,,,,,,,Fri May 15 2015 16:18:57 GMT+0000 (UTC),Fri May 15 2015 16:18:57 GMT+0000 (UTC)
410510080,2015,2,24,13,35,0,21.760857,6.1318412,3.6052001,30.091999,142.18881,10.830406,0.89917731,0.68058932,33.586399,16.962257,3.3449976,-0.38746667,255.18637,0.029056666,13.358,0.55675936,,,,,,,,,Fri May 15 2015 16:18:57 GMT+0000 (UTC),Fri May 15 2015 16:18:57 GMT+0000 (UTC)
410510080,2015,2,24,13,40,0,45.426559,4.6468701,2.1914001,30.091999,185.4225,11.789395,0.91905999,0.67613333,32.786667,16.436268,1.5021588,-0.33434665,257.315,0.029593334,13.3724,0.575872,,,,,,,,,Fri May 15 2015 16:18:57 GMT+0000 (UTC),Fri May 15 2015 16:18:57 GMT+0000 (UTC)
410510080,2015,2,24,13,45,0,54.170357,4.9854422,2.682014,30.091709,237.28001,11.254663,1.038857,0.64338613,33.30722,16.240105,1.4824749,-0.1921111,259.85339,0.02919375,13.292084,0.57430971,,,,,,,,,Fri May 15 2015 16:18:57 GMT+0000 (UTC),Fri May 15 2015 16:18:57 GMT+0000 (UTC)
410510080,2015,2,24,13,50,0,41.633751,4.4638882,3.9122,30.08836,215.1463,11.771245,0.94449598,0.61800802,33.516266,16.235136,2.8786247,-0.66883999,260.10632,0.029326666,13.931867,0.58196467,,,,,,,,,Fri May 15 2015 16:18:57 GMT+0000 (UTC),Fri May 15 2015 16:18:57 GMT+0000 (UTC)
410510080,2015,2,24,13,55,0,30.053082,4.6189079,4.9086666,30.086,194.47867,11.696593,0.91143531,0.56009865,34.337601,16.315502,4.2329392,-0.66079998,261.83945,0.028653333,14.0192,0.61612803,,,,,,,,,Fri May 15 2015 16:18:57 GMT+0000 (UTC),Fri May 15 2015 16:18:57 GMT+0000 (UTC)
410510080,2015,2,24,14,0,0,32.916725,4.6415162,2.8843334,30.084641,201.70674,11.740834,0.82814068,0.49749866,34.452667,16.382364,2.4080029,-0.34174666,265.22552,0.029416667,13.4556,0.65208668,,,,,,,,,Fri May 15 2015 16:18:57 GMT+0000 (UTC),Fri May 15 2015 16:18:57 GMT+0000 (UTC)
410510080,2015,2,24,14,5,0,38.207458,4.4508548,3.4493334,30.08,228.22597,11.854801,0.78801531,0.48918399,35.230133,16.30567,2.6818633,-0.11782666,270.94934,0.028666666,13.586667,0.65077668,,,,,,,,,Fri May 15 2015 16:18:57 GMT+0000 (UTC),Fri May 15 2015 16:18:57 GMT+0000 (UTC)
410510080,2015,2,24,14,10,0,37.139248,4.2800913,3.8881333,30.083,199.33012,12.021592,0.77837336,0.53996801,34.018135,16.301668,3.0707283,-0.24817333,275.17792,0.028946666,13.9024,0.63655734,,,,,,,,,Fri May 15 2015 16:18:57 GMT+0000 (UTC),Fri May 15 2015 16:18:57 GMT+0000 (UTC)
410510080,2015,2,24,14,15,0,20.690704,4.2524347,5.0294666,30.08564,151.21704,12.017275,0.89560401,0.58309865,33.123734,16.269705,4.7012944,-0.42777333,270.75021,0.029443333,14.0248,0.61554867,,,,,,,,,Fri May 15 2015 16:18:57 GMT+0000 (UTC),Fri May 15 2015 16:18:57 GMT+0000 (UTC)
410510080,2015,2,24,14,20,0,22.597542,4.1532793,4.9429998,30.08016,148.34001,12.089023,0.85045731,0.52729064,33.352268,16.242319,4.5582814,-0.29081333,264.18497,0.029586667,13.997467,0.59199798,,,,,,,,,Fri May 15 2015 16:18:57 GMT+0000 (UTC),Fri May 15 2015 16:18:57 GMT+0000 (UTC)
410510080,2015,2,24,14,25,0,39.008591,4.2024121,4.6545334,30.08,166.39017,12.051003,0.84938866,0.51909333,33.492535,16.253416,3.5750234,-0.23141333,261.23807,0.02874,14.148267,0.60566664,,,,,,,,,Fri May 15 2015 16:18:57 GMT+0000 (UTC),Fri May 15 2015 16:18:57 GMT+0000 (UTC)
410510080,2015,2,24,14,30,0,35.835373,4.2520828,2.7335334,30.08,196.39706,12.052693,0.72576869,0.51583469,35.156933,16.304766,2.1985033,-0.23925333,253.92581,0.028163332,14.37,0.59437335,,,,,,,,,Fri May 15 2015 16:18:57 GMT+0000 (UTC),Fri May 15 2015 16:18:57 GMT+0000 (UTC)
410510080,2015,2,24,14,35,0,31.223457,4.2099895,5.4299998,30.07976,192.85339,12.041946,0.61174399,0.48896268,33.548534,16.251934,4.6231518,-0.20288,237.24231,0.028613333,14.186666,0.58474201,,,,,,,,,Fri May 15 2015 16:18:57 GMT+0000 (UTC),Fri May 15 2015 16:18:57 GMT+0000 (UTC)
410510080,2015,2,24,14,40,0,25.759558,4.1856627,4.2241335,30.08,223.63736,11.999546,0.69254136,0.473744,34.276402,16.185211,3.7969205,-0.35026667,229.9093,0.02854,14.558534,0.57435465,,,,,,,,,Fri May 15 2015 16:18:57 GMT+0000 (UTC),Fri May 15 2015 16:18:57 GMT+0000 (UTC)
410510080,2015,2,24,14,45,0,51.154125,4.0762939,3.5996666,30.08,166.22873,11.950388,0.84676331,0.40432265,33.883865,16.026699,2.164,-0.28624001,233.22946,0.028873334,14.297334,0.59379202,,,,,,,,,Fri May 15 2015 16:18:57 GMT+0000 (UTC),Fri May 15 2015 16:18:57 GMT+0000 (UTC)
410510080,2015,2,24,14,50,0,41.588581,3.9707572,2.5286667,30.08,148.41483,11.862461,0.85478067,0.32355201,35.910267,15.833229,1.8620601,-0.01864,229.16319,0.03033,13.875466,0.61804998,,,,,,,,,Fri May 15 2015 16:18:57 GMT+0000 (UTC),Fri May 15 2015 16:18:57 GMT+0000 (UTC)
410510080,2015,2,24,14,55,0,26.958502,3.7537379,3.8219333,30.08,149.66281,11.731583,0.67298466,0.28439468,35.326267,15.485319,3.3985784,0.0034,231.59621,0.030029999,13.980133,0.66069669,,,,,,,,,Fri May 15 2015 16:18:57 GMT+0000 (UTC),Fri May 15 2015 16:18:57 GMT+0000 (UTC)
410510080,2015,2,24,15,0,0,22.275993,3.4294634,4.7923331,30.075081,185.21165,11.522017,0.74467868,0.32525599,35.562935,14.951477,4.4298806,-0.14725333,226.21649,0.030356666,14.0728,0.64194936,,,,,,,,,Fri May 15 2015 16:18:57 GMT+0000 (UTC),Fri May 15 2015 16:18:57 GMT+0000 (UTC)
410510080,2015,2,24,15,5,0,13.451941,3.0361032,4.4337335,30.073999,220.04668,10.930251,0.7839933,0.35683733,36.043598,13.966353,4.3114495,-0.23125333,231.00496,0.031616665,14.184134,0.62112403,,,,,,,,,Fri May 15 2015 16:18:57 GMT+0000 (UTC),Fri May 15 2015 16:18:57 GMT+0000 (UTC)
410510080,2015,2,24,15,10,0,32.26614,2.5705585,3.0848668,30.073999,268.8075,9.3775234,0.78566599,0.30528799,36.042667,11.948084,2.5953581,-0.062706664,228.64415,0.031796668,14.219733,0.62810665,,,,,,,,,Fri May 15 2015 16:18:57 GMT+0000 (UTC),Fri May 15 2015 16:18:57 GMT+0000 (UTC)
410510080,2015,2,24,15,15,0,20.578085,2.473052,4.9946666,30.072639,197.16592,9.7440195,0.74468398,0.28073066,35.739334,12.217065,4.6723027,-0.10705333,232.09814,0.031666666,14.311733,0.65727001,,,,,,,,,Fri May 15 2015 16:18:57 GMT+0000 (UTC),Fri May 15 2015 16:18:57 GMT+0000 (UTC)
410510080,2015,2,24,15,20,0,28.616554,2.3080187,2.9754667,30.068279,200.98195,9.3528223,0.71071798,0.32096267,35.420399,11.660837,2.6040857,-0.13697334,241.61293,0.033216666,14.1404,0.70102865,,,,,,,,,Fri May 15 2015 16:18:57 GMT+0000 (UTC),Fri May 15 2015 16:18:57 GMT+0000 (UTC)
410510080,2015,2,24,15,25,0,33.924683,2.0045147,2.9238,30.068001,225.22729,9.5705976,0.72198534,0.37816,36.925335,11.575123,2.4109278,0.010706667,241.66344,0.032616667,14.232133,0.71052003,,,,,,,,,Fri May 15 2015 16:18:57 GMT+0000 (UTC),Fri May 15 2015 16:18:57 GMT+0000 (UTC)
410510080,2015,2,24,15,30,0,13.387346,1.68159,5.8095999,30.06876,182.69702,10.004845,0.82398134,0.26609868,35.406933,11.686438,5.6509042,-0.11090667,241.79675,0.032570001,14.544,0.71268731,,,,,,,,,Fri May 15 2015 16:18:57 GMT+0000 (UTC),Fri May 15 2015 16:18:57 GMT+0000 (UTC)
410510080,2015,2,24,15,35,0,24.355347,1.4797686,3.9138668,30.07148,191.62457,10.436773,0.79672801,0.17385601,35.467201,11.916569,3.5600121,-0.087773331,245.12184,0.033089999,14.4064,0.74776936,,,,,,,,,Fri May 15 2015 16:18:57 GMT+0000 (UTC),Fri May 15 2015 16:18:57 GMT+0000 (UTC)
410510080,2015,2,24,15,40,0,25.442131,1.2640153,2.7177999,30.068001,226.34592,10.717752,0.79557598,0.15570401,35.467865,11.981745,2.4496644,-0.068773337,243.71967,0.031806666,14.230534,0.70154202,,,,,,,,,Fri May 15 2015 16:18:57 GMT+0000 (UTC),Fri May 15 2015 16:18:57 GMT+0000 (UTC)
410510080,2015,2,24,15,45,0,20.834724,1.2061846,3.6344666,30.068001,210.57906,10.779037,0.82603198,0.15728533,36.835201,11.985209,3.3940048,0.082453333,239.84666,0.030696666,14.072534,0.67445999,,,,,,,,,Fri May 15 2015 16:18:57 GMT+0000 (UTC),Fri May 15 2015 16:18:57 GMT+0000 (UTC)
410510080,2015,2,24,15,50,0,28.922016,1.2004133,2.7657332,30.065081,182.71153,10.876322,0.79275066,0.14968534,36.345867,12.076721,2.413121,0.029253334,239.39029,0.031713333,14.0628,0.69354934,,,,,,,,,Fri May 15 2015 16:18:57 GMT+0000 (UTC),Fri May 15 2015 16:18:57 GMT+0000 (UTC)
410510080,2015,2,24,15,55,0,18.772038,1.2905173,3.7986,30.062,225.07861,10.783028,0.77419466,0.13698934,36.797466,12.073538,3.5945785,0.092626669,239.62357,0.031206667,14.012,0.68236536,,,,,,,,,Fri May 15 2015 16:18:57 GMT+0000 (UTC),Fri May 15 2015 16:18:57 GMT+0000 (UTC)
410510080,2015,2,24,16,0,0,21.863415,1.1839633,3.5499334,30.06068,199.24074,10.775584,0.78542733,0.121488,36.993465,11.959555,3.2912991,0.15045333,239.80858,0.032003332,13.982133,0.67359602,,,,,,,,,Fri May 15 2015 16:18:57 GMT+0000 (UTC),Fri May 15 2015 16:18:57 GMT+0000 (UTC)
410510080,2015,2,24,16,5,0,18.884283,1.07152,4.2312002,30.06184,229.99542,10.999891,0.83290398,0.107752,36.902401,12.071404,4.0012178,0.11849333,239.78284,0.030128667,14.085466,0.67933935,,,,,,,,,Fri May 15 2015 16:18:57 GMT+0000 (UTC),Fri May 15 2015 16:18:57 GMT+0000 (UTC)
410510080,2015,2,24,16,10,0,34.714603,1.0200233,2.8263333,30.062,226.15199,11.145906,0.82510465,0.098386668,36.408669,12.165916,2.3072014,0.065719999,264.57382,0.03022,14.057734,0.67693067,,,,,,,,,Fri May 15 2015 16:18:57 GMT+0000 (UTC),Fri May 15 2015 16:18:57 GMT+0000 (UTC)
410510080,2015,2,24,16,15,0,11.417954,1.04304,4.3181334,30.062,203.35576,11.231468,0.72970665,0.094517335,36.187065,12.274524,4.2323303,0.22970666,250.34406,0.031373333,13.9088,0.72236335,,,,,,,,,Fri May 15 2015 16:18:57 GMT+0000 (UTC),Fri May 15 2015 16:18:57 GMT+0000 (UTC)
410510080,2015,2,24,16,20,0,16.045849,1.0305713,3.1022666,30.062,223.73331,11.454937,0.61719799,0.092450663,36.491734,12.485514,2.9805262,0.26238668,243.8853,0.02864,13.9172,0.74780536,,,,,,,,,Fri May 15 2015 16:18:57 GMT+0000 (UTC),Fri May 15 2015 16:18:57 GMT+0000 (UTC)
410510080,2015,2,24,16,25,0,36.117661,1.0354626,2.0880666,30.062,229.64661,12.662631,0.5994947,0.086090669,37.347466,13.698074,1.6729084,0.22849333,407.21988,0.026696667,13.9692,0.66930932,,,,,,,,,Fri May 15 2015 16:18:57 GMT+0000 (UTC),Fri May 15 2015 16:18:57 GMT+0000 (UTC)
410510080,2015,2,24,16,30,0,21.129749,1.0717627,3.0421333,30.062,232.32828,14.677783,0.48899335,0.075410664,36.944267,15.749542,2.8351207,0.21645333,281.24332,0.027170001,13.900933,0.65859866,,,,,,,,,Fri May 15 2015 16:18:57 GMT+0000 (UTC),Fri May 15 2015 16:18:57 GMT+0000 (UTC)
410510080,2015,2,24,16,35,0,15.649113,1.0661167,3.3818667,30.062,219.515,14.908087,0.58070999,0.06670133,37.324135,15.974216,3.255636,0.37760001,276.55173,0.027483333,13.734667,0.63513398,,,,,,,,,Fri May 15 2015 16:18:57 GMT+0000 (UTC),Fri May 15 2015 16:18:57 GMT+0000 (UTC)
410510080,2015,2,24,16,40,0,10.720123,1.0689187,4.1415334,30.06068,226.5137,15.281884,0.64800799,0.060658667,36.138802,16.350813,4.0689912,0.34489334,264.26123,0.027573334,13.7364,0.61018866,,,,,,,,,Fri May 15 2015 16:18:57 GMT+0000 (UTC),Fri May 15 2015 16:18:57 GMT+0000 (UTC)
410510080,2015,2,24,16,45,0,13.335299,1.0335233,4.1962667,30.056,223.81805,15.17732,0.543136,0.056768,37.389465,16.210844,4.0825305,0.31146666,262.0036,0.027006667,13.725467,0.61080867,,,,,,,,,Fri May 15 2015 16:18:57 GMT+0000 (UTC),Fri May 15 2015 16:18:57 GMT+0000 (UTC)
410510080,2015,2,24,16,50,0,15.605532,1.0784533,3.9294,30.056,219.44786,16.144228,0.65910733,0.052232001,37.182934,17.222685,3.7835476,0.39366665,266.19727,0.023846667,13.6124,0.61344731,,,,,,,,,Fri May 15 2015 16:18:57 GMT+0000 (UTC),Fri May 15 2015 16:18:57 GMT+0000 (UTC)
410510080,2015,2,24,16,55,0,12.239056,1.1145333,3.8622668,30.056,215.4771,18.453377,0.77436268,0.047618669,37.084,19.567905,3.7740872,0.44272,270.59961,0.022810001,13.5232,0.62616533,,,,,,,,,Fri May 15 2015 16:18:57 GMT+0000 (UTC),Fri May 15 2015 16:18:57 GMT+0000 (UTC)
410510080,2015,2,24,17,0,0,12.244963,1.1184779,3.2840667,30.056,222.85945,19.32095,0.70674467,0.041074667,37.693333,20.439421,3.2090156,0.45929334,271.69376,0.02255,13.455334,0.62609267,,,,,,,,,Fri May 15 2015 16:18:57 GMT+0000 (UTC),Fri May 15 2015 16:18:57 GMT+0000 (UTC)
410510080,2015,2,24,17,5,0,14.655751,1.1115893,2.6531334,30.056,221.98685,19.205465,0.66106266,0.033938665,38.386398,20.317041,2.5662763,0.47363999,277.75107,0.022059999,13.3948,0.63461733,,,,,,,,,Fri May 15 2015 16:18:57 GMT+0000 (UTC),Fri May 15 2015 16:18:57 GMT+0000 (UTC)
410510080,2015,2,24,17,10,0,12.879465,1.1403474,2.4112666,30.056,220.03416,19.651011,0.67509735,0.029362667,37.809868,20.791368,2.3503029,0.41744,287.42154,0.021203334,13.397333,0.64643264,,,,,,,,,Fri May 15 2015 16:18:57 GMT+0000 (UTC),Fri May 15 2015 16:18:57 GMT+0000 (UTC)
410510080,2015,2,24,17,15,0,16.711016,1.1396194,2.8345332,30.056,241.50197,19.83176,0.70893401,0.026469333,38.882935,20.97138,2.713886,0.53841335,297.60721,0.021023333,13.218534,0.66005266,,,,,,,,,Fri May 15 2015 16:18:57 GMT+0000 (UTC),Fri May 15 2015 16:18:57 GMT+0000 (UTC)
410510080,2015,2,24,17,20,0,14.477125,1.1023307,2.2304001,30.056,238.8318,20.141369,0.83319467,0.023629334,39.645599,21.24369,2.1591513,0.6580267,352.19647,0.018750001,12.992933,0.66657799,,,,,,,,,Fri May 15 2015 16:18:57 GMT+0000 (UTC),Fri May 15 2015 16:18:57 GMT+0000 (UTC)
410510080,2015,2,24,17,25,0,10.649144,1.086244,2.5064666,30.056,251.90987,20.900078,0.82209736,0.020592,41.520134,21.986332,2.4631433,0.94691998,372.86258,0.019223332,12.6428,0.63398802,,,,,,,,,Fri May 15 2015 16:18:57 GMT+0000 (UTC),Fri May 15 2015 16:18:57 GMT+0000 (UTC)
410510080,2015,2,24,17,30,0,9.3158388,1.0690787,2.704,30.05632,237.07002,21.622082,0.83092803,0.017912,42.063465,22.691168,2.6682332,0.96465331,389.60568,0.018549999,12.554934,0.62565136,,,,,,,,,Fri May 15 2015 16:18:57 GMT+0000 (UTC),Fri May 15 2015 16:18:57 GMT+0000 (UTC)
410510080,2015,2,24,17,35,0,8.077529,1.0304294,2.5014,30.056,220.78018,22.977154,0.73648268,0.012973334,41.579334,24.00758,2.4765246,1.0389867,364.79636,0.01565,12.4088,0.64883935,,,,,,,,,Fri May 15 2015 16:18:57 GMT+0000 (UTC),Fri May 15 2015 16:18:57 GMT+0000 (UTC)
410510080,2015,2,24,17,40,0,9.2776117,1.0493374,2.6761334,30.056,214.67807,28.652422,0.73943532,0.0080613336,44.067867,29.701771,2.6410251,1.0777733,418.81451,0.01098,12.316,0.66695797,,,,,,,,,Fri May 15 2015 16:18:57 GMT+0000 (UTC),Fri May 15 2015 16:18:57 GMT+0000 (UTC)
410510080,2015,2,24,17,45,0,9.6472025,1.097762,2.7437334,30.056,217.08325,30.166904,0.80565536,0.0048506665,43.273735,31.264666,2.7048132,1.1045734,396.20648,0.011886667,12.225866,0.689224,,,,,,,,,Fri May 15 2015 16:18:57 GMT+0000 (UTC),Fri May 15 2015 16:18:57 GMT+0000 (UTC)
410510080,2015,2,24,17,50,0,17.699886,1.218322,3.0616667,30.056,310.84668,33.534214,0.88858533,0.0028746666,43.925732,34.752529,2.915473,1.0494933,456.1084,0.0077599999,12.2372,0.67444801,,,,,,,,,Fri May 15 2015 16:18:57 GMT+0000 (UTC),Fri May 15 2015 16:18:57 GMT+0000 (UTC)
410510080,2015,2,24,17,55,0,15.673127,4.280242,2.9020667,30.05604,328.99704,43.19643,0.74344069,0.001784,43.579868,47.476665,2.7934122,1.1625733,584.20496,0.0034966667,12.1204,0.66915399,,,,,,,,,Fri May 15 2015 16:18:57 GMT+0000 (UTC),Fri May 15 2015 16:18:57 GMT+0000 (UTC)
410510080,2015,2,24,18,0,0,10.481201,7.7779756,3.5601332,30.059879,338.03833,40.253288,0.74519998,0.00108,42.021732,48.031265,3.5005233,0.90970665,516.177,0.0024133334,12.268933,0.69044268,,,,,,,,,Fri May 15 2015 16:18:57 GMT+0000 (UTC),Fri May 15 2015 16:18:57 GMT+0000 (UTC)
410510080,2015,2,24,18,5,0,12.885435,9.9155149,3.9196668,30.062,344.51099,40.227001,0.74519998,6.1599998E-4,42.412399,50.142506,3.8204746,0.58893335,540.88403,0.0010766666,12.4424,0.70214069,,,,,,,,,Fri May 15 2015 16:18:57 GMT+0000 (UTC),Fri May 15 2015 16:18:57 GMT+0000 (UTC)
410510080,2015,2,24,18,10,0,14.91143,14.483746,3.6852,30.05916,342.21655,41.604866,0.74519998,3.4933334E-4,41.965733,56.088596,3.5603094,0.41117334,537.06696,2.7666666E-4,12.5132,0.73746932,,,,,,,,,Fri May 15 2015 16:18:57 GMT+0000 (UTC),Fri May 15 2015 16:18:57 GMT+0000 (UTC)
410510080,2015,2,24,18,15,0,13.860969,22.721701,4.1215334,30.056601,346.76642,40.772144,0.82364935,4.8000002E-5,42.493065,63.493847,4.0008421,0.37818667,571.81873,3.2333334E-4,12.384,0.76885402,,,,,,,,,Fri May 15 2015 16:18:57 GMT+0000 (UTC),Fri May 15 2015 16:18:57 GMT+0000 (UTC)
410510080,2015,2,24,18,20,0,16.919788,29.197006,4.3597999,30.056,344.52603,42.781212,1.2414067,0,42.562,71.97821,4.1695666,0.34312001,579.74707,3.1333332E-4,12.279333,0.80554664,,,,,,,,,Fri May 15 2015 16:18:57 GMT+0000 (UTC),Fri May 15 2015 16:18:57 GMT+0000 (UTC)
410510080,2015,2,24,18,25,0,17.913834,26.093431,4.6107335,30.06036,334.4281,44.292046,1.4855013,0,43.009201,70.385475,4.3852177,0.34147999,553.36841,2.6666667E-4,12.142933,0.86516666,,,,,,,,,Fri May 15 2015 16:18:57 GMT+0000 (UTC),Fri May 15 2015 16:18:57 GMT+0000 (UTC)
410510080,2015,2,24,18,30,0,14.963035,25.110661,5.7329335,30.062361,331.33102,44.320583,1.8177867,0,44.480801,69.431236,5.5372987,0.28577334,511.87982,3.0333333E-4,12.008133,0.87386203,,,,,,,,,Fri May 15 2015 16:18:57 GMT+0000 (UTC),Fri May 15 2015 16:18:57 GMT+0000 (UTC)
410510080,2015,2,24,18,35,0,14.53538,21.934809,5.9267335,30.066839,326.71823,43.372643,2.0789328,0,44.617332,65.307449,5.7358804,0.30726665,503.9068,4.6666668E-4,11.828533,0.89079136,,,,,,,,,Fri May 15 2015 16:18:57 GMT+0000 (UTC),Fri May 15 2015 16:18:57 GMT+0000 (UTC)
410510080,2015,2,24,18,40,0,17.68536,13.753831,5.5441332,30.067961,328.77966,41.203255,1.928484,0,45.255333,54.957073,5.2798367,0.3258,421.13983,5.6000001E-4,11.631733,0.83901066,,,,,,,,,Fri May 15 2015 16:18:57 GMT+0000 (UTC),Fri May 15 2015 16:18:57 GMT+0000 (UTC)
410510080,2015,2,24,18,45,0,12.980904,14.102962,5.6082001,30.068001,329.61526,41.833004,1.5933419,0,45.9692,55.935966,5.4641666,0.3398,436.64798,4.4666667E-4,11.457067,0.85056466,,,,,,,,,Fri May 15 2015 16:18:57 GMT+0000 (UTC),Fri May 15 2015 16:18:57 GMT+0000 (UTC)
410510080,2015,2,24,18,50,0,10.956221,14.099493,5.5322666,30.069481,322.7132,41.725983,1.5890974,0,45.885868,55.825478,5.4310493,0.41925332,459.51068,9.9666661E-4,11.221334,0.82596397,,,,,,,,,Fri May 15 2015 16:18:57 GMT+0000 (UTC),Fri May 15 2015 16:18:57 GMT+0000 (UTC)
410510080,2015,2,24,18,55,0,15.5983,10.588469,6.1337333,30.073879,321.32935,39.699108,1.7704266,0,46.582268,50.287563,5.906271,0.37098667,411.22275,0.00127,11.123067,0.75414467,,,,,,,,,Fri May 15 2015 16:18:57 GMT+0000 (UTC),Fri May 15 2015 16:18:57 GMT+0000 (UTC)
410510080,2015,2,24,19,0,0,15.067952,8.5120287,5.9037333,30.069401,327.82193,39.514389,1.6797193,0,47.942268,48.026428,5.6994348,0.32185334,403.52316,0.0026799999,11.010266,0.69954997,,,,,,,,,Fri May 15 2015 16:18:57 GMT+0000 (UTC),Fri May 15 2015 16:18:57 GMT+0000 (UTC)
410510080,2015,2,24,19,5,0,14.183276,6.3603106,5.3489332,30.0702,326.729,36.575211,1.3949467,0,49.880135,42.93549,5.1849303,0.31890666,367.4632,0.0044900002,10.897333,0.64458865,,,,,,,,,Fri May 15 2015 16:18:57 GMT+0000 (UTC),Fri May 15 2015 16:18:57 GMT+0000 (UTC)
410510080,2015,2,24,19,10,0,13.767458,4.6172862,5.9882002,30.073999,332.08258,35.016254,1.3111267,0,50.968266,39.633545,5.8152051,0.40421334,369.142,0.0046466668,10.6688,0.615848,,,,,,,,,Fri May 15 2015 16:18:57 GMT+0000 (UTC),Fri May 15 2015 16:18:57 GMT+0000 (UTC)
410510080,2015,2,24,19,15,0,15.29877,3.9654133,6.4298,30.073999,340.51178,34.006725,1.1220627,0,52.618935,37.972141,6.200428,0.28872001,362.32495,0.0065899999,10.7028,0.59066731,,,,,,,,,Fri May 15 2015 16:18:57 GMT+0000 (UTC),Fri May 15 2015 16:18:57 GMT+0000 (UTC)
410510080,2015,2,24,19,20,0,13.934802,2.9706166,4.9958668,30.079559,342.51321,31.367277,1.1665747,0,53.632801,34.337887,4.8480096,0.34157333,324.01846,0.0063833334,10.471867,0.58287603,,,,,,,,,Fri May 15 2015 16:18:57 GMT+0000 (UTC),Fri May 15 2015 16:18:57 GMT+0000 (UTC)
410510080,2015,2,24,19,25,0,18.755058,2.5013907,5.6675334,30.08,339.61243,30.85317,1.2736413,0,54.6828,33.354553,5.3636823,0.34733334,340.94769,0.0067799999,10.3472,0.59395599,,,,,,,,,Fri May 15 2015 16:18:57 GMT+0000 (UTC),Fri May 15 2015 16:18:57 GMT+0000 (UTC)
410510080,2015,2,24,19,30,0,11.797866,3.1446607,6.5939999,30.07696,330.44403,30.83853,1.224256,0,55.798134,33.983196,6.4541101,0.259,372.06506,0.0080466671,10.366,0.59469134,,,,,,,,,Fri May 15 2015 16:18:57 GMT+0000 (UTC),Fri May 15 2015 16:18:57 GMT+0000 (UTC)
410510080,2015,2,24,19,35,0,14.412932,2.9600153,6.4350667,30.077,331.36456,27.220406,1.0830621,0,55.697067,30.180403,6.2313218,0.20329334,304.84802,0.010793333,10.3784,0.55278599,,,,,,,,,Fri May 15 2015 16:18:57 GMT+0000 (UTC),Fri May 15 2015 16:18:57 GMT+0000 (UTC)
410510080,2015,2,24,19,40,0,13.963388,2.2226753,7.3229332,30.082399,335.31476,24.233631,0.74066269,0,57.063068,26.456297,7.1053143,0.22404,296.40381,0.013186667,10.238133,0.51816064,,,,,,,,,Fri May 15 2015 16:18:57 GMT+0000 (UTC),Fri May 15 2015 16:18:57 GMT+0000 (UTC)
410510080,2015,2,24,19,45,0,15.233128,1.4451454,8.0716667,30.0846,336.61981,21.22826,0.85280597,0,58.325867,22.673405,7.7861896,0.22194667,273.32443,0.01706,10.098666,0.47007534,,,,,,,,,Fri May 15 2015 16:18:57 GMT+0000 (UTC),Fri May 15 2015 16:18:57 GMT+0000 (UTC)
410510080,2015,2,24,19,50,0,12.448311,0.83496201,8.7639332,30.088039,340.94733,16.669998,0.97480536,0,59.696667,17.504957,8.5569429,0.23621333,240.86765,0.021509999,9.9637337,0.42436868,,,,,,,,,Fri May 15 2015 16:18:57 GMT+0000 (UTC),Fri May 15 2015 16:18:57 GMT+0000 (UTC)
410510080,2015,2,24,19,55,0,12.898477,1.871344,7.8878002,30.09416,344.69058,15.952698,0.63322002,0,60.526268,17.824038,7.6877851,0.32489333,285.28674,0.020446667,9.7081337,0.41832933,,,,,,,,,Fri May 15 2015 16:18:57 GMT+0000 (UTC),Fri May 15 2015 16:18:57 GMT+0000 (UTC)
410510080,2015,2,24,20,0,0,11.899173,1.1591127,9.3755331,30.098,342.60172,14.05152,0.74081069,0,61.162399,15.21064,9.1732035,0.26846668,239.80229,0.023756666,9.635067,0.39391401,,,,,,,,,Fri May 15 2015 16:18:57 GMT+0000 (UTC),Fri May 15 2015 16:18:57 GMT+0000 (UTC)
410510080,2015,2,24,20,5,0,17.210096,0.86446536,7.0003333,30.098841,346.94214,11.863666,0.47359934,0,62.104,12.728115,6.6843128,0.20452,217.36781,0.025126666,9.5214663,0.39136133,,,,,,,,,Fri May 15 2015 16:18:57 GMT+0000 (UTC),Fri May 15 2015 16:18:57 GMT+0000 (UTC)
410510080,2015,2,24,20,10,0,12.427751,0.88475734,8.2185335,30.10656,342.65228,10.709784,0.51123601,0,63.298935,11.594523,8.0250654,0.19672,210.65504,0.026506666,9.4264002,0.37968132,,,,,,,,,Fri May 15 2015 16:18:57 GMT+0000 (UTC),Fri May 15 2015 16:18:57 GMT+0000 (UTC)
410510080,2015,2,24,20,15,0,14.200675,0.73509133,6.6956,30.110001,345.39224,9.2086134,0.52328002,0,64.557335,9.9437132,6.4898038,0.23582667,215.33542,0.02671,9.2819996,0.38379666,,,,,,,,,Fri May 15 2015 16:18:57 GMT+0000 (UTC),Fri May 15 2015 16:18:57 GMT+0000 (UTC)
410510080,2015,2,24,20,20,0,24.71253,0.72191668,5.1040001,30.1054,342.48413,10.099098,0.52261668,0,65.491333,10.821033,4.628911,0.22968,199.05791,0.025493333,9.1660004,0.37435332,,,,,,,,,Fri May 15 2015 16:18:57 GMT+0000 (UTC),Fri May 15 2015 16:18:57 GMT+0000 (UTC)
410510080,2015,2,24,20,25,0,13.680163,0.71434867,5.4668002,30.11272,345.69208,10.501764,0.43371201,0,66.569069,11.216108,5.3108644,0.24073334,200.9919,0.024879999,9.0200005,0.36476934,,,,,,,,,Fri May 15 2015 16:18:57 GMT+0000 (UTC),Fri May 15 2015 16:18:57 GMT+0000 (UTC)
410510080,2015,2,24,20,30,0,16.778814,0.78772801,5.4577332,30.115999,343.48447,11.328938,0.28987467,0,67.208534,12.116673,5.2235451,0.31248,203.83794,0.024429999,8.8741331,0.37635332,,,,,,,,,Fri May 15 2015 16:18:57 GMT+0000 (UTC),Fri May 15 2015 16:18:57 GMT+0000 (UTC)
410510080,2015,2,24,20,35,0,15.24799,0.84081465,6.1942668,30.121321,334.16757,10.8667,0.33448467,0,67.243736,11.707508,5.9747615,0.24825333,205.3037,0.025040001,8.8772001,0.37369534,,,,,,,,,Fri May 15 2015 16:18:57 GMT+0000 (UTC),Fri May 15 2015 16:18:57 GMT+0000 (UTC)
410510080,2015,2,24,20,40,0,18.248489,0.81187665,4.1867332,30.117399,330.71692,10.672436,0.45328799,0,66.619598,11.484314,3.9742332,0.18293333,206.36815,0.024836667,8.8846664,0.39330733,,,,,,,,,Fri May 15 2015 16:18:57 GMT+0000 (UTC),Fri May 15 2015 16:18:57 GMT+0000 (UTC)
410510080,2015,2,24,20,45,0,15.839975,0.76137203,5.0223331,30.115999,338.16135,10.818929,0.47682932,0,66.425331,11.580317,4.8302698,0.31031999,209.09171,0.025283333,8.7454662,0.39684534,,,,,,,,,Fri May 15 2015 16:18:57 GMT+0000 (UTC),Fri May 15 2015 16:18:57 GMT+0000 (UTC)
410510080,2015,2,24,20,50,0,16.484589,0.75981069,3.4845333,30.115999,331.36768,10.305906,0.36591268,0,65.626266,11.065721,3.3402119,0.33063999,190.61369,0.027393334,8.7612,0.35909,,,,,,,,,Fri May 15 2015 16:18:57 GMT+0000 (UTC),Fri May 15 2015 16:18:57 GMT+0000 (UTC)
410510080,2015,2,24,20,55,0,17.692112,0.64386535,5.5189333,30.115999,330.69562,9.8480997,0.42025867,0,65.809464,10.491974,5.2556372,0.39254665,200.28278,0.027503334,8.658,0.35126999,,,,,,,,,Fri May 15 2015 16:18:57 GMT+0000 (UTC),Fri May 15 2015 16:18:57 GMT+0000 (UTC)
410510080,2015,2,24,21,0,0,18.686819,0.82401264,4.9341998,30.11924,336.51935,9.1021557,0.50617331,0,66.248398,9.9261837,4.671586,0.31007999,196.84001,0.027376667,8.6301336,0.35577533,,,,,,,,,Fri May 15 2015 16:18:57 GMT+0000 (UTC),Fri May 15 2015 16:18:57 GMT+0000 (UTC)
410510080,2015,2,24,21,5,0,18.661848,0.82716864,5.0706,30.121321,338.33954,9.3388271,0.40255266,0,67.040268,10.165992,4.8014474,0.27782667,210.96651,0.026450001,8.5857334,0.36023468,,,,,,,,,Fri May 15 2015 16:18:57 GMT+0000 (UTC),Fri May 15 2015 16:18:57 GMT+0000 (UTC)
410510080,2015,2,24,21,10,0,15.340057,0.77057666,6.0889335,30.122,336.68912,9.6222744,0.44456068,0,67.638268,10.392858,5.8705468,0.29362667,206.6754,0.027616667,8.6191998,0.35953534,,,,,,,,,Fri May 15 2015 16:18:57 GMT+0000 (UTC),Fri May 15 2015 16:18:57 GMT+0000 (UTC)
410510080,2015,2,24,21,15,0,15.952251,0.7268573,5.3850665,30.12216,329.55936,9.6064997,0.434616,0,67.6008,10.33335,5.1762018,0.24261333,199.778,0.027553333,8.6247997,0.36235866,,,,,,,,,Fri May 15 2015 16:18:57 GMT+0000 (UTC),Fri May 15 2015 16:18:57 GMT+0000 (UTC)
410510080,2015,2,24,21,20,0,13.23435,0.76601797,6.6504002,30.12788,330.09201,9.8758564,0.48976132,0,68.15213,10.641865,6.4728656,0.21561334,202.27304,0.025873333,8.6097336,0.37450135,,,,,,,,,Fri May 15 2015 16:18:57 GMT+0000 (UTC),Fri May 15 2015 16:18:57 GMT+0000 (UTC)
410510080,2015,2,24,21,25,0,15.351764,0.91796535,5.3066669,30.128,326.46936,10.063363,0.401916,0,69.109337,10.981329,5.1160469,0.20274666,200.60202,0.026246667,8.5151997,0.36541733,,,,,,,,,Fri May 15 2015 16:18:57 GMT+0000 (UTC),Fri May 15 2015 16:18:57 GMT+0000 (UTC)
410510080,2015,2,24,21,30,0,13.523055,0.92871469,4.2414665,30.12936,307.78308,11.5661,0.27155334,0,69.584396,12.49481,4.1232452,0.20812,220.15456,0.02414,8.4349337,0.37251735,,,,,,,,,Fri May 15 2015 16:18:57 GMT+0000 (UTC),Fri May 15 2015 16:18:57 GMT+0000 (UTC)
410510080,2015,2,24,21,35,0,11.256258,0.87021601,4.5606666,30.134001,295.15424,11.509627,0.44367868,0,70.310265,12.37985,4.4725928,0.59970665,218.02948,0.025386667,8.011467,0.36687133,,,,,,,,,Fri May 15 2015 16:18:57 GMT+0000 (UTC),Fri May 15 2015 16:18:57 GMT+0000 (UTC)
410510080,2015,2,24,21,40,0,8.2766752,0.71318603,3.5483999,30.139681,290.31714,11.835779,0.36080334,0,71.634933,12.548979,3.5113511,0.75080001,232.79735,0.023473334,7.6458669,0.37894532,,,,,,,,,Fri May 15 2015 16:18:57 GMT+0000 (UTC),Fri May 15 2015 16:18:57 GMT+0000 (UTC)
410510080,2015,2,24,21,45,0,9.494112,0.61733001,3.4304667,30.139999,291.2822,13.089387,0.45217067,0,72.823334,13.706723,3.3833373,1.0087466,254.9048,0.021366667,7.2773333,0.40456399,,,,,,,,,Fri May 15 2015 16:18:57 GMT+0000 (UTC),Fri May 15 2015 16:18:57 GMT+0000 (UTC)
410510080,2015,2,24,21,50,0,15.99409,0.62445998,2.4548666,30.13516,306.46725,15.236529,0.59089535,0,74.212402,15.860986,2.3591523,1.2676133,285.34753,0.020609999,7.0107999,0.54800397,,,,,,,,,Fri May 15 2015 16:18:57 GMT+0000 (UTC),Fri May 15 2015 16:18:57 GMT+0000 (UTC)
410510080,2015,2,24,21,55,0,8.8628016,0.83939731,2.3663332,30.139999,312.50217,26.103998,0.60318667,0,75.427864,26.943386,2.3380032,1.4758134,369.27206,0.014886667,6.6290665,0.53778666,,,,,,,,,Fri May 15 2015 16:18:57 GMT+0000 (UTC),Fri May 15 2015 16:18:57 GMT+0000 (UTC)
410510080,2015,2,24,22,0,0,9.2489748,3.5771453,2.4275999,30.139999,329.89658,30.558353,0.565534,0,74.69973,34.135502,2.3959484,1.56472,511.71616,0.0081399996,6.3357334,0.48794067,,,,,,,,,Fri May 15 2015 16:18:57 GMT+0000 (UTC),Fri May 15 2015 16:18:57 GMT+0000 (UTC)
410510080,2015,2,24,22,5,0,8.8791809,3.7782519,2.701,30.139999,342.45792,28.415976,0.58936131,0,76.156265,32.194218,2.6685436,1.4954267,446.99075,0.0058433334,6.2052002,0.46617001,,,,,,,,,Fri May 15 2015 16:18:57 GMT+0000 (UTC),Fri May 15 2015 16:18:57 GMT+0000 (UTC)
410510080,2015,2,24,22,10,0,10.438199,7.5973911,2.6142666,30.139999,352.15973,22.939249,0.53293198,0,77.084534,30.536634,2.5708528,1.4955467,307.63678,0.0067599998,6.0483999,0.44380933,,,,,,,,,Fri May 15 2015 16:18:57 GMT+0000 (UTC),Fri May 15 2015 16:18:57 GMT+0000 (UTC)
410510080,2015,2,24,22,15,0,17.695963,3.5027554,2.0996001,30.14016,30.525003,28.451334,0.541556,0,78.171333,31.954096,1.9993892,1.4284533,310.63269,0.0055,5.9004002,0.52652931,,,,,,,,,Fri May 15 2015 16:18:57 GMT+0000 (UTC),Fri May 15 2015 16:18:57 GMT+0000 (UTC)
410510080,2015,2,24,22,20,0,15.949887,2.9698527,1.9355333,30.139999,97.129143,27.016964,0.54260135,0,78.037865,29.98683,1.8604842,1.32208,462.16254,0.0041066669,5.7882667,0.86630666,,,,,,,,,Fri May 15 2015 16:18:57 GMT+0000 (UTC),Fri May 15 2015 16:18:57 GMT+0000 (UTC)
410510080,2015,2,24,22,25,0,11.375517,3.009454,2.8757999,30.139999,135.13718,28.999331,0.82451731,0,78.052269,32.008766,2.8190806,1.18712,740.30798,0.0041399999,5.7105331,1.396652,,,,,,,,,Fri May 15 2015 16:18:57 GMT+0000 (UTC),Fri May 15 2015 16:18:57 GMT+0000 (UTC)
410510080,2015,2,24,22,30,0,6.3630166,2.3997753,3.2922666,30.143721,138.14571,26.280413,0.86517131,0,78.804001,28.680195,3.2719498,1.3428134,443.88403,0.0031333333,5.6474667,0.70961535,,,,,,,,,Fri May 15 2015 16:18:57 GMT+0000 (UTC),Fri May 15 2015 16:18:57 GMT+0000 (UTC)
410510080,2015,2,24,22,35,0,5.432425,4.4752879,3.0070667,30.146,150.33562,27.059572,0.98882735,0,78.605469,31.534863,2.993541,1.3376933,488.29291,0.0034066667,5.7486668,1.0974593,,,,,,,,,Fri May 15 2015 16:18:57 GMT+0000 (UTC),Fri May 15 2015 16:18:57 GMT+0000 (UTC)
410510080,2015,2,24,22,40,0,4.3814268,9.4671183,2.8806667,30.14168,153.91742,31.64695,1.0113347,0,77.542,41.114048,2.8722384,0.89863998,488.93732,0.00166,5.9484,0.69711399,,,,,,,,,Fri May 15 2015 16:18:57 GMT+0000 (UTC),Fri May 15 2015 16:18:57 GMT+0000 (UTC)
410510080,2015,2,24,22,45,0,6.244535,6.4728031,3.8088667,30.139999,162.66211,29.028347,1.072844,0,77.183998,35.501137,3.7862294,0.70113331,622.62396,7.5666665E-4,6.1637335,0.6843347,,,,,,,,,Fri May 15 2015 16:18:57 GMT+0000 (UTC),Fri May 15 2015 16:18:57 GMT+0000 (UTC)
410510080,2015,2,24,22,50,0,3.8953853,10.639972,3.9222,30.14188,175.44595,31.213453,1.0110574,0,76.461464,41.853416,3.9131289,0.64285332,647.14893,0.0018366667,6.3954668,0.95710599,,,,,,,,,Fri May 15 2015 16:18:57 GMT+0000 (UTC),Fri May 15 2015 16:18:57 GMT+0000 (UTC)
410510080,2015,2,24,22,55,0,7.2323461,10.194141,2.802,30.146,168.45544,29.914547,1.0135007,0,75.754532,40.108692,2.7796614,0.45945334,632.22498,0.0021266667,6.6193333,0.95669597,,,,,,,,,Fri May 15 2015 16:18:57 GMT+0000 (UTC),Fri May 15 2015 16:18:57 GMT+0000 (UTC)
410510080,2015,2,24,23,0,0,6.3364363,13.624537,2.5960667,30.146,165.56915,29.010868,1.0193774,0,75.603333,42.63541,2.5801799,0.36174667,627.82593,7.4666669E-4,6.6622667,0.996916,,,,,,,,,Fri May 15 2015 16:18:57 GMT+0000 (UTC),Fri May 15 2015 16:18:57 GMT+0000 (UTC)
410510080,2015,2,24,23,5,0,4.9308457,9.3594971,2.4275999,30.14636,177.23186,31.037731,1.2644213,0,75.704399,40.397221,2.4186039,0.38744,683.12732,0.00343,6.7525334,1.63052,,,,,,,,,Fri May 15 2015 16:18:57 GMT+0000 (UTC),Fri May 15 2015 16:18:57 GMT+0000 (UTC)
410510080,2015,2,24,23,10,0,3.327404,5.5761147,4.4474001,30.146,175.91119,28.892933,1.1491693,0,75.714264,34.469059,4.4398952,0.50690669,592.31262,0.0028899999,6.7541332,1.1960933,,,,,,,,,Fri May 15 2015 16:18:57 GMT+0000 (UTC),Fri May 15 2015 16:18:57 GMT+0000 (UTC)
410510080,2015,2,24,23,15,0,7.6847997,4.6566372,3.9616666,30.146,164.90079,27.092987,1.3207953,0,75.587997,31.749615,3.9260073,0.58216,646.91565,0.0052999998,6.9157333,1.605,,,,,,,,,Fri May 15 2015 16:18:57 GMT+0000 (UTC),Fri May 15 2015 16:18:57 GMT+0000 (UTC)
410510080,2015,2,24,23,20,0,8.1962347,4.1584067,3.2622666,30.1486,167.50761,26.366238,1.246598,0,74.977997,30.524643,3.2288642,0.56101334,600.54919,0.0056699999,7.0668001,1.3880934,,,,,,,,,Fri May 15 2015 16:18:57 GMT+0000 (UTC),Fri May 15 2015 16:18:57 GMT+0000 (UTC)
410510080,2015,2,24,23,25,0,8.7986488,2.8649573,3.3784666,30.152,170.65466,25.657885,1.4638374,0,74.844536,28.52284,3.3386025,0.63200003,765.13062,0.0091666663,7.1249332,1.8434134,,,,,,,,,Fri May 15 2015 16:18:57 GMT+0000 (UTC),Fri May 15 2015 16:18:57 GMT+0000 (UTC)
410510080,2015,2,24,23,30,0,10.003287,2.7708073,3.5661333,30.15188,181.67395,24.983713,1.8883533,0,73.972931,27.754511,3.511744,0.57020003,722.56934,0.0088600004,7.2291999,1.6557333,,,,,,,,,Fri May 15 2015 16:18:58 GMT+0000 (UTC),Fri May 15 2015 16:18:58 GMT+0000 (UTC)
410510080,2015,2,24,23,35,0,7.9394116,2.3117659,4.4755335,30.152,188.33264,22.662588,1.7819927,0,72.872002,24.974354,4.4325352,0.50898665,431.99527,0.01105,7.3953333,0.87505603,,,,,,,,,Fri May 15 2015 16:18:58 GMT+0000 (UTC),Fri May 15 2015 16:18:58 GMT+0000 (UTC)
410510080,2015,2,24,23,40,0,9.73915,1.5485927,4.7940664,30.152,185.58037,19.152374,1.3336207,0,72.269867,20.700947,4.7247596,0.3012,366.95996,0.013243333,7.6778665,0.70362067,,,,,,,,,Fri May 15 2015 16:18:58 GMT+0000 (UTC),Fri May 15 2015 16:18:58 GMT+0000 (UTC)
410510080,2015,2,24,23,45,0,10.043552,0.99519736,5.2957335,30.149879,183.92223,17.761732,1.238642,0,71.885201,18.756929,5.214314,0.21397333,338.25598,0.01528,7.7988,0.64239001,,,,,,,,,Fri May 15 2015 16:18:58 GMT+0000 (UTC),Fri May 15 2015 16:18:58 GMT+0000 (UTC)
410510080,2015,2,24,23,50,0,9.811799,0.53374201,5.4811335,30.146,184.36307,17.159994,1.2528113,0,71.943733,17.693754,5.4007072,0.17236,315.3667,0.01726,7.8682666,0.58775067,,,,,,,,,Fri May 15 2015 16:18:58 GMT+0000 (UTC),Fri May 15 2015 16:18:58 GMT+0000 (UTC)
410510080,2015,2,24,23,55,0,14.5886,0.44724733,5.4460001,30.14892,180.91136,15.836187,1.0620407,0,71.763466,16.283451,5.269341,0.10846667,284.72543,0.019223332,7.9320002,0.56349868,,,,,,,,,Fri May 15 2015 16:18:58 GMT+0000 (UTC),Fri May 15 2015 16:18:58 GMT+0000 (UTC)
