epa_station_key,dt_pst 1,dt_pst 2 1,dt_pst 2 2,dt_pst 2 3 1,sd_hor_wind_dir,nitric_oxide,wind_speed,barometric_pressure,resultant_direction,nitrogen_dioxide,sulfur_dioxide,solar_radiation,relative_humidity,nitrogen_oxides,resultant_speed,delta_temperature,carbon_monoxide,ozone,temperature,light_scatter,epa,city,site,site_code,o3,pmest,lon,lat,_created_at,_updated_at
410510080,2015-02-22,0,0,0,8.5476685,0.82800335,8.3257999,30.104,48.381199,8.9159555,0.42070001,0,47.538132,9.7439642,8.2330847,0.68247998,196.2719,0.026303334,7.5753331,0.33997467,10139,Portland,SE Lafayette & SE 58th Sts,SEL,1,1,-122.602,45.497,Fri May 15 2015 16:18:51 GMT+0000 (UTC),Fri May 15 2015 16:18:51 GMT+0000 (UTC)
410510080,2015-02-22,0,5,0,9.4072561,0.9988113,8.9336662,30.104,52.096188,8.6343164,0.42070001,0,46.199066,9.633132,8.8131666,0.81976002,191.78133,0.027353333,7.6357331,0.33025733,,,,,,,,,Fri May 15 2015 16:18:51 GMT+0000 (UTC),Fri May 15 2015 16:18:51 GMT+0000 (UTC)
410510080,2015-02-22,0,10,0,11.004821,1.1979047,10.347134,30.104,53.085548,6.9249249,0.42070001,0,44.089333,8.1228313,10.156141,0.69181335,180.15532,0.031406667,8.0270662,0.30667266,,,,,,,,,Fri May 15 2015 16:18:51 GMT+0000 (UTC),Fri May 15 2015 16:18:51 GMT+0000 (UTC)
410510080,2015-02-22,0,15,0,9.5958595,0.98398203,7.6655998,30.104879,47.474415,5.3199,0.36381999,0,43.111866,6.3038735,7.5580168,0.57124001,171.07188,0.031543333,8.1208,0.29782,,,,,,,,,Fri May 15 2015 16:18:51 GMT+0000 (UTC),Fri May 15 2015 16:18:51 GMT+0000 (UTC)
410510080,2015-02-22,0,20,0,10.252391,0.74019068,8.3302002,30.1084,45.419487,5.2417026,0.21274467,0,42.166801,5.9818935,8.1967449,0.61286664,168.2437,0.031690001,8.1057329,0.295468,,,,,,,,,Fri May 15 2015 16:18:51 GMT+0000 (UTC),Fri May 15 2015 16:18:51 GMT+0000 (UTC)
410510080,2015-02-22,0,25,0,10.271857,0.55211866,7.2828665,30.108919,48.182056,5.0287852,0.019312,0,41.966801,5.5809107,7.1657467,0.64694667,161.99237,0.032033332,8.0426664,0.28820267,,,,,,,,,Fri May 15 2015 16:18:51 GMT+0000 (UTC),Fri May 15 2015 16:18:51 GMT+0000 (UTC)
410510080,2015-02-22,0,30,0,12.015755,0.55346799,6.7034001,30.110001,44.28196,5.4801121,-0.031771332,0,41.377735,6.0335798,6.5558882,0.59213334,163.46324,0.032386668,8.0834665,0.28173733,,,,,,,,,Fri May 15 2015 16:18:51 GMT+0000 (UTC),Fri May 15 2015 16:18:51 GMT+0000 (UTC)
410510080,2015-02-22,0,35,0,11.959261,0.55629402,7.2929335,30.110001,48.916691,5.6917338,-0.12942,0,41.094799,6.2480245,7.133954,0.55504,165.33934,0.030776666,8.0108004,0.280882,,,,,,,,,Fri May 15 2015 16:18:51 GMT+0000 (UTC),Fri May 15 2015 16:18:51 GMT+0000 (UTC)
410510080,2015-02-22,0,40,0,9.9161854,0.69607735,6.9731336,30.110001,47.763218,6.4461598,-0.22700667,0,40.644268,7.1422491,6.8686256,0.62232,166.05116,0.031626668,7.9086666,0.27836534,,,,,,,,,Fri May 15 2015 16:18:51 GMT+0000 (UTC),Fri May 15 2015 16:18:51 GMT+0000 (UTC)
410510080,2015-02-22,0,45,0,10.182553,0.46715733,7.5293331,30.110001,41.923306,5.99828,-0.21815667,0,40.668533,6.4654422,7.410346,0.64139998,172.10204,0.032126665,7.8626666,0.275318,,,,,,,,,Fri May 15 2015 16:18:51 GMT+0000 (UTC),Fri May 15 2015 16:18:51 GMT+0000 (UTC)
410510080,2015-02-22,0,50,0,13.928671,0.37132466,7.4474669,30.110001,37.852524,4.9771152,-0.27217934,0,39.719868,5.3484335,7.2272463,0.52693331,162.92574,0.033626668,7.9670668,0.26658267,,,,,,,,,Fri May 15 2015 16:18:51 GMT+0000 (UTC),Fri May 15 2015 16:18:51 GMT+0000 (UTC)
410510080,2015-02-22,0,55,0,12.934849,0.49259201,7.0756669,30.110001,45.875759,3.8240826,-0.045969333,0,38.886265,4.316678,6.8952322,0.57959998,154.98859,0.035659999,7.9198666,0.26020133,,,,,,,,,Fri May 15 2015 16:18:51 GMT+0000 (UTC),Fri May 15 2015 16:18:51 GMT+0000 (UTC)
410510080,2015-02-22,1,0,0,11.481588,0.49207467,7.5581999,30.110001,40.083199,3.0616412,-0.14127934,0,37.794132,3.5537093,7.4063368,0.53249335,146.21683,0.036266666,8.0836,0.26114532,,,,,,,,,Fri May 15 2015 16:18:51 GMT+0000 (UTC),Fri May 15 2015 16:18:51 GMT+0000 (UTC)
410510080,2015-02-22,1,5,0,13.568497,0.47967601,7.9981999,30.110001,39.005554,3.2015646,-0.24014066,0,38.164532,3.6812506,7.7737675,0.47982666,145.12987,0.035700001,8.0729332,0.25902265,,,,,,,,,Fri May 15 2015 16:18:51 GMT+0000 (UTC),Fri May 15 2015 16:18:51 GMT+0000 (UTC)
410510080,2015-02-22,1,10,0,14.508722,0.46373066,8.2299337,30.110001,36.800068,3.4786267,-0.31511199,0,37.589733,3.9423506,7.9658847,0.54531997,153.70393,0.036083333,7.9474669,0.256836,,,,,,,,,Fri May 15 2015 16:18:51 GMT+0000 (UTC),Fri May 15 2015 16:18:51 GMT+0000 (UTC)
410510080,2015-02-22,1,15,0,12.860939,0.35575199,9.0933332,30.10984,39.7691,2.9353559,-0.36642799,0,36.939068,3.2910981,8.864089,0.38888001,148.15799,0.036476668,8.1153336,0.25781268,,,,,,,,,Fri May 15 2015 16:18:51 GMT+0000 (UTC),Fri May 15 2015 16:18:51 GMT+0000 (UTC)
410510080,2015-02-22,1,20,0,12.6124,0.50615931,8.4413996,30.10424,38.864319,3.7019401,-0.38266534,0,37.425999,4.2080708,8.2367363,0.38509333,141.23125,0.035096668,8.0085335,0.25530866,,,,,,,,,Fri May 15 2015 16:18:51 GMT+0000 (UTC),Fri May 15 2015 16:18:51 GMT+0000 (UTC)
410510080,2015-02-22,1,25,0,12.526526,0.59616399,9.4392662,30.10404,48.492447,4.2549062,-0.43229866,0,37.164665,4.8510609,9.2135153,0.46292001,139.38692,0.035663333,7.8442669,0.26263666,,,,,,,,,Fri May 15 2015 16:18:51 GMT+0000 (UTC),Fri May 15 2015 16:18:51 GMT+0000 (UTC)
410510080,2015-02-22,1,30,0,11.757422,0.48304534,9.4833336,30.10416,44.383213,3.0068874,-0.40658599,0,36.843067,3.4899306,9.2835245,0.37793332,138.5876,0.036223333,7.9214668,0.26401132,,,,,,,,,Fri May 15 2015 16:18:51 GMT+0000 (UTC),Fri May 15 2015 16:18:51 GMT+0000 (UTC)
410510080,2015-02-22,1,35,0,13.084266,0.42068866,10.535334,30.104601,50.034298,2.7381167,-0.39691401,0,36.436001,3.1588039,10.260432,0.37252,138.91168,0.036543332,7.9155998,0.25847065,,,,,,,,,Fri May 15 2015 16:18:51 GMT+0000 (UTC),Fri May 15 2015 16:18:51 GMT+0000 (UTC)
410510080,2015-02-22,1,40,0,11.626666,0.37698734,10.973,30.107,60.327969,2.7670159,-0.35403201,0,36.323067,3.1439927,10.746918,0.27812001,139.04507,0.036733333,7.9946666,0.26043534,,,,,,,,,Fri May 15 2015 16:18:51 GMT+0000 (UTC),Fri May 15 2015 16:18:51 GMT+0000 (UTC)
410510080,2015-02-22,1,45,0,12.800436,0.46974799,8.8981333,30.10832,58.34053,3.0620899,-0.23491266,0,36.717068,3.5318246,8.6759157,0.27647999,140.1673,0.036136668,7.8585334,0.262218,,,,,,,,,Fri May 15 2015 16:18:51 GMT+0000 (UTC),Fri May 15 2015 16:18:51 GMT+0000 (UTC)
410510080,2015-02-22,1,50,0,14.080019,0.53830868,9.4153996,30.10924,57.693901,3.1099193,-0.34999534,0,36.428268,3.6482234,9.1309042,0.27002665,143.23927,0.036120001,7.7737331,0.26647401,,,,,,,,,Fri May 15 2015 16:18:51 GMT+0000 (UTC),Fri May 15 2015 16:18:51 GMT+0000 (UTC)
410510080,2015-02-22,1,55,0,15.303437,0.46109,8.5386,30.10988,68.607971,3.0293193,-0.27901667,0,36.224934,3.4904094,8.2338142,0.23426667,145.87456,0.035739999,7.7254667,0.26866066,,,,,,,,,Fri May 15 2015 16:18:51 GMT+0000 (UTC),Fri May 15 2015 16:18:51 GMT+0000 (UTC)
410510080,2015-02-22,2,0,0,15.95998,0.48067001,6.4612002,30.109961,71.582718,3.1639953,-0.19941333,0,36.175468,3.6446707,6.2103539,0.33373332,146.00104,0.035549998,7.4591999,0.26342332,,,,,,,,,Fri May 15 2015 16:18:51 GMT+0000 (UTC),Fri May 15 2015 16:18:51 GMT+0000 (UTC)
410510080,2015-02-22,2,5,0,14.082473,0.35907933,7.3729334,30.110001,70.856949,3.358866,0.0038673333,0,35.908134,3.7179501,7.1500754,0.35521334,146.84602,0.035526667,7.4335999,0.26752466,,,,,,,,,Fri May 15 2015 16:18:51 GMT+0000 (UTC),Fri May 15 2015 16:18:51 GMT+0000 (UTC)
410510080,2015-02-22,2,10,0,20.216074,0.13810733,4.5042,30.110001,52.098766,3.5634987,-0.111178,0,35.684799,3.7016072,4.22363,0.31999999,149.31421,0.035360001,7.3897333,0.26053533,,,,,,,,,Fri May 15 2015 16:18:51 GMT+0000 (UTC),Fri May 15 2015 16:18:51 GMT+0000 (UTC)
410510080,2015-02-22,2,15,0,16.3298,0.019212,5.6041999,30.110001,56.00264,3.650888,-0.063387334,0,36.307999,3.6700854,5.3764253,0.39063999,147.35829,0.0352,7.1545334,0.26309267,,,,,,,,,Fri May 15 2015 16:18:51 GMT+0000 (UTC),Fri May 15 2015 16:18:51 GMT+0000 (UTC)
410510080,2015-02-22,2,20,0,20.17967,-0.065242663,5.0065331,30.110001,50.329689,3.7099166,0.017473999,0,36.341599,3.6446741,4.6957946,0.43597335,144.77287,0.03565,7.0053334,0.25887799,,,,,,,,,Fri May 15 2015 16:18:51 GMT+0000 (UTC),Fri May 15 2015 16:18:51 GMT+0000 (UTC)
410510080,2015-02-22,2,25,0,26.602104,-0.12850466,2.6187334,30.110001,30.509937,3.7667472,-0.084068,0,36.843067,3.6382339,2.3362758,0.48141333,142.86688,0.035656668,6.8597331,0.25705868,,,,,,,,,Fri May 15 2015 16:18:51 GMT+0000 (UTC),Fri May 15 2015 16:18:51 GMT+0000 (UTC)
410510080,2015-02-22,2,30,0,29.519167,-0.032369334,3.9523335,30.11076,64.000961,3.7512813,-0.164124,0,38.254932,3.7189174,3.4274151,1.0739467,143.76273,0.035133332,6.1332002,0.27195534,,,,,,,,,Fri May 15 2015 16:18:51 GMT+0000 (UTC),Fri May 15 2015 16:18:51 GMT+0000 (UTC)
410510080,2015-02-22,2,35,0,37.906773,-0.051363334,3.5462,30.115999,67.304901,3.8338933,-0.252882,0,35.869865,3.7825301,2.7695475,0.70543998,152.88161,0.036296666,6.6013331,0.35718733,,,,,,,,,Fri May 15 2015 16:18:51 GMT+0000 (UTC),Fri May 15 2015 16:18:51 GMT+0000 (UTC)
410510080,2015-02-22,2,40,0,30.008846,0.097943336,5.8568668,30.115999,57.972672,3.8664041,-0.15901467,0,32.427868,3.9643507,5.0529819,0.54585332,154.63582,0.036713332,6.9512,0.29064065,,,,,,,,,Fri May 15 2015 16:18:51 GMT+0000 (UTC),Fri May 15 2015 16:18:51 GMT+0000 (UTC)
410510080,2015-02-22,2,45,0,23.143045,0.082818665,7.7759333,30.1154,48.238007,3.8539667,-0.15428533,0,30.355467,3.936784,7.1411529,0.34726667,145.47499,0.038603332,7.2889333,0.24579333,,,,,,,,,Fri May 15 2015 16:18:51 GMT+0000 (UTC),Fri May 15 2015 16:18:51 GMT+0000 (UTC)
410510080,2015-02-22,2,50,0,18.486332,0.26352999,7.9862666,30.11388,44.564449,3.4717553,-0.204742,0,29.506399,3.73528,7.5702839,0.35025334,139.43214,0.03926,7.3774667,0.241806,,,,,,,,,Fri May 15 2015 16:18:51 GMT+0000 (UTC),Fri May 15 2015 16:18:51 GMT+0000 (UTC)
410510080,2015-02-22,2,55,0,16.650614,0.43358466,9.4203329,30.111361,47.686256,3.0250313,-0.33236399,0,27.579334,3.4586146,9.0222654,0.35178667,135.49196,0.040059999,7.4335999,0.239232,,,,,,,,,Fri May 15 2015 16:18:51 GMT+0000 (UTC),Fri May 15 2015 16:18:51 GMT+0000 (UTC)
410510080,2015-02-22,3,0,0,15.615101,0.27607933,8.0523329,30.111959,57.445576,2.2943413,-0.330964,0,26.554266,2.5704386,7.753078,0.31073335,133.77605,0.040446665,7.3841333,0.240422,,,,,,,,,Fri May 15 2015 16:18:51 GMT+0000 (UTC),Fri May 15 2015 16:18:51 GMT+0000 (UTC)
410510080,2015-02-22,3,5,0,18.881685,0.34559134,8.5303335,30.11084,47.830322,2.0249267,-0.20748466,0,26.128134,2.370508,8.0668039,0.27500001,133.34807,0.040796667,7.4094667,0.244168,,,,,,,,,Fri May 15 2015 16:18:51 GMT+0000 (UTC),Fri May 15 2015 16:18:51 GMT+0000 (UTC)
410510080,2015-02-22,3,10,0,18.692986,0.23345333,10.522,30.112841,50.081333,2.2046726,-0.231264,0,24.9636,2.4381161,9.9616165,0.29728001,131.46007,0.041486666,7.4261332,0.23898067,,,,,,,,,Fri May 15 2015 16:18:51 GMT+0000 (UTC),Fri May 15 2015 16:18:51 GMT+0000 (UTC)
410510080,2015-02-22,3,15,0,17.773527,0.18046667,9.3613329,30.11524,53.195972,2.2432873,-0.26957467,0,23.602133,2.4237673,8.9106045,0.23094666,130.55379,0.041606668,7.5404,0.23717266,,,,,,,,,Fri May 15 2015 16:18:51 GMT+0000 (UTC),Fri May 15 2015 16:18:51 GMT+0000 (UTC)
410510080,2015-02-22,3,20,0,14.552321,0.08287067,8.9823332,30.115999,48.580982,1.965614,-0.25303733,0,23.887199,2.0484846,8.6924095,0.22012,129.41959,0.04143,7.4873333,0.24374934,,,,,,,,,Fri May 15 2015 16:18:51 GMT+0000 (UTC),Fri May 15 2015 16:18:51 GMT+0000 (UTC)
410510080,2015-02-22,3,25,0,17.715261,0.13426867,9.1456003,30.115999,52.018818,1.8704066,-0.18945134,0,23.928801,2.0046732,8.7081413,0.23017333,130.07471,0.041106667,7.3666668,0.23647933,,,,,,,,,Fri May 15 2015 16:18:51 GMT+0000 (UTC),Fri May 15 2015 16:18:51 GMT+0000 (UTC)
410510080,2015-02-22,3,30,0,26.394894,0.169302,5.6065335,30.115999,53.564983,1.9468813,-0.42317599,0,24.154667,2.1161554,5.0111947,0.21168,131.05481,0.040856667,7.2394667,0.239052,,,,,,,,,Fri May 15 2015 16:18:51 GMT+0000 (UTC),Fri May 15 2015 16:18:51 GMT+0000 (UTC)
410510080,2015-02-22,3,35,0,17.94425,0.177304,9.2608671,30.115641,52.843559,2.1689854,-0.29827666,0,23.906666,2.3462961,8.8063688,0.17228,130.80685,0.040916666,7.3138666,0.237036,,,,,,,,,Fri May 15 2015 16:18:51 GMT+0000 (UTC),Fri May 15 2015 16:18:51 GMT+0000 (UTC)
410510080,2015-02-22,3,40,0,25.821278,0.119746,6.0423999,30.115999,46.369827,2.1364181,-0.35347334,0,23.808933,2.2561641,5.4283624,0.23309334,128.99336,0.040959999,7.2670665,0.24818933,,,,,,,,,Fri May 15 2015 16:18:51 GMT+0000 (UTC),Fri May 15 2015 16:18:51 GMT+0000 (UTC)
410510080,2015-02-22,3,45,0,33.365803,0.0024339999,4.1370668,30.115999,40.749439,2.2444787,-0.46737534,0,23.6152,2.2469094,3.4350853,0.2834,129.32941,0.040923335,7.0902667,0.24645934,,,,,,,,,Fri May 15 2015 16:18:51 GMT+0000 (UTC),Fri May 15 2015 16:18:51 GMT+0000 (UTC)
410510080,2015-02-22,3,50,0,33.359375,-0.020322001,4.7919335,30.115999,17.126652,2.6704414,-0.44232666,0,24.369867,2.6501093,3.979147,0.23954667,132.36882,0.040380001,7.0145335,0.24182133,,,,,,,,,Fri May 15 2015 16:18:51 GMT+0000 (UTC),Fri May 15 2015 16:18:51 GMT+0000 (UTC)
410510080,2015-02-22,3,55,0,21.206478,0.021786667,4.5046,30.115999,1.527509,3.5178487,-0.23783933,0,24.608534,3.5396354,4.1958385,0.41422668,135.82262,0.039503332,6.8141332,0.23604266,,,,,,,,,Fri May 15 2015 16:18:51 GMT+0000 (UTC),Fri May 15 2015 16:18:51 GMT+0000 (UTC)
410510080,2015-02-22,4,0,0,41.708038,0.086957999,7.4849334,30.115801,347.2851,3.3999734,-0.18935134,0,24.722401,3.4869246,5.5004044,0.30430666,132.81764,0.040646669,7.0046668,0.23655467,,,,,,,,,Fri May 15 2015 16:18:51 GMT+0000 (UTC),Fri May 15 2015 16:18:51 GMT+0000 (UTC)
410510080,2015-02-22,4,5,0,40.892796,0.087655336,4.8944669,30.115879,5.664485,2.9533167,-0.46014667,0,26.563066,3.0409687,3.6469998,0.33353335,136.28127,0.039409999,6.6625333,0.24692599,,,,,,,,,Fri May 15 2015 16:18:51 GMT+0000 (UTC),Fri May 15 2015 16:18:51 GMT+0000 (UTC)
410510080,2015-02-22,4,10,0,49.076134,0.062580667,6.3030667,30.115999,343.49905,2.7976687,-0.459528,0,25.608667,2.8602593,3.9892843,0.39529333,144.22993,0.040096667,6.6764002,0.24302067,,,,,,,,,Fri May 15 2015 16:18:51 GMT+0000 (UTC),Fri May 15 2015 16:18:51 GMT+0000 (UTC)
410510080,2015-02-22,4,15,0,31.371632,0.10280266,5.2006669,30.115999,322.14053,3.3260379,-0.38172734,0,27.151466,3.4288373,4.4205437,0.50509334,146.79039,0.038603332,6.4735999,0.24269867,,,,,,,,,Fri May 15 2015 16:18:51 GMT+0000 (UTC),Fri May 15 2015 16:18:51 GMT+0000 (UTC)
410510080,2015-02-22,4,20,0,32.28315,0.12497933,3.0218666,30.115999,287.07367,4.3161788,-0.11350933,0,28.384001,4.4411478,2.5418491,0.52298665,147.23207,0.036940001,6.2185335,0.25136134,,,,,,,,,Fri May 15 2015 16:18:51 GMT+0000 (UTC),Fri May 15 2015 16:18:51 GMT+0000 (UTC)
410510080,2015-02-22,4,25,0,36.84914,0.160156,4.4972668,30.115999,19.843243,4.2560768,-0.204418,0,28.757601,4.416224,3.5665164,0.73067999,153.0015,0.038653333,5.9123998,0.26202267,,,,,,,,,Fri May 15 2015 16:18:51 GMT+0000 (UTC),Fri May 15 2015 16:18:51 GMT+0000 (UTC)
410510080,2015-02-22,4,30,0,36.088474,0.071246669,5.7795334,30.115999,21.134453,3.110198,-0.20745067,0,26.284267,3.1814487,4.6322789,0.37222666,147.90581,0.040210001,6.5781331,0.25546533,,,,,,,,,Fri May 15 2015 16:18:51 GMT+0000 (UTC),Fri May 15 2015 16:18:51 GMT+0000 (UTC)
410510080,2015-02-22,4,35,0,24.882633,0.027799333,5.0429335,30.11512,37.209854,3.2343273,-0.30828533,0,25.0952,3.2621248,4.5670443,0.36906666,149.24278,0.039966665,6.5762668,0.248394,,,,,,,,,Fri May 15 2015 16:18:51 GMT+0000 (UTC),Fri May 15 2015 16:18:51 GMT+0000 (UTC)
410510080,2015-02-22,4,40,0,44.613018,0.031206667,3.4501333,30.115959,6.4533043,3.350312,-0.12386467,0,25.8004,3.3815286,2.4035132,0.41852,141.87428,0.03864,6.3920002,0.24680467,,,,,,,,,Fri May 15 2015 16:18:51 GMT+0000 (UTC),Fri May 15 2015 16:18:51 GMT+0000 (UTC)
410510080,2015-02-22,4,45,0,42.335117,0.067454666,1.9161333,30.115999,300.65906,4.1448979,-0.017396666,0,29.315466,4.2123427,1.3927048,0.96362668,142.45869,0.035920002,5.4941335,0.24368466,,,,,,,,,Fri May 15 2015 16:18:51 GMT+0000 (UTC),Fri May 15 2015 16:18:51 GMT+0000 (UTC)
410510080,2015-02-22,4,50,0,29.113953,0.066245332,3.4017334,30.111839,51.63485,4.47614,-0.181932,0,29.966133,4.5423884,2.96226,1.2590933,145.33881,0.03712,5.0932002,0.244634,,,,,,,,,Fri May 15 2015 16:18:51 GMT+0000 (UTC),Fri May 15 2015 16:18:51 GMT+0000 (UTC)
410510080,2015-02-22,4,55,0,46.448288,0.01281,2.9582,30.110001,10.243193,3.7392154,-0.438842,0,29.964399,3.752022,1.9854597,1.1036266,146.70346,0.037676666,5.1770668,0.23909533,,,,,,,,,Fri May 15 2015 16:18:51 GMT+0000 (UTC),Fri May 15 2015 16:18:51 GMT+0000 (UTC)
410510080,2015-02-22,5,0,0,28.29315,0.0023633332,2.0072668,30.1108,245.19116,3.636832,-0.48581734,0,31.387333,3.6391954,1.7623618,1.4435867,143.41634,0.037579998,4.7968001,0.241328,,,,,,,,,Fri May 15 2015 16:18:51 GMT+0000 (UTC),Fri May 15 2015 16:18:51 GMT+0000 (UTC)
410510080,2015-02-22,5,5,0,37.066963,-0.026422,2.4433334,30.110001,244.51259,3.9851813,-0.322694,0,32.859867,3.9587507,1.9316673,1.7886534,142.75836,0.036233332,4.0361333,0.24271134,,,,,,,,,Fri May 15 2015 16:18:51 GMT+0000 (UTC),Fri May 15 2015 16:18:51 GMT+0000 (UTC)
410510080,2015-02-22,5,10,0,10.110328,-0.012408,3.654,30.110001,220.1308,4.673512,-0.38986534,0,35.8624,4.6611228,3.5970716,2.2934,186.72304,0.033096667,3.6986666,0.250844,,,,,,,,,Fri May 15 2015 16:18:51 GMT+0000 (UTC),Fri May 15 2015 16:18:51 GMT+0000 (UTC)
410510080,2015-02-22,5,15,0,39.558357,-0.011302667,2.4349999,30.110001,214.19037,5.2066245,-0.45291799,0,37.076534,5.1953287,1.8542283,2.2141733,151.26291,0.031506665,3.4324,0.24159734,,,,,,,,,Fri May 15 2015 16:18:51 GMT+0000 (UTC),Fri May 15 2015 16:18:51 GMT+0000 (UTC)
410510080,2015-02-22,5,20,0,15.733012,0.0047133332,3.0580001,30.110001,273.59125,6.0979915,-0.49102199,0,37.090134,6.1027045,2.9426305,2.0941334,154.79362,0.032366667,3.4738667,0.25851732,,,,,,,,,Fri May 15 2015 16:18:51 GMT+0000 (UTC),Fri May 15 2015 16:18:51 GMT+0000 (UTC)
410510080,2015-02-22,5,25,0,23.170582,-0.019624,2.4029334,30.110519,279.88947,6.7209759,-0.32744133,0,38.014133,6.7013268,2.2063053,2.3457999,154.10213,0.03156,3.1929333,0.26088199,,,,,,,,,Fri May 15 2015 16:18:51 GMT+0000 (UTC),Fri May 15 2015 16:18:51 GMT+0000 (UTC)
410510080,2015-02-22,5,30,0,16.653612,-0.057927333,3.7326,30.110001,287.38477,6.9639292,-0.25598401,0,39.5648,6.9059873,3.5748177,2.5300534,156.90436,0.030386666,3.0483999,0.25729135,,,,,,,,,Fri May 15 2015 16:18:51 GMT+0000 (UTC),Fri May 15 2015 16:18:51 GMT+0000 (UTC)
410510080,2015-02-22,5,35,0,34.174202,-0.018042667,4.2314668,30.10548,318.16422,6.1907272,-0.39566466,0,33.527733,6.1726847,3.4782541,1.97788,156.81599,0.036940001,4.2574668,0.26716,,,,,,,,,Fri May 15 2015 16:18:51 GMT+0000 (UTC),Fri May 15 2015 16:18:51 GMT+0000 (UTC)
410510080,2015-02-22,5,40,0,11.665303,0.051986001,2.9712667,30.104,316.27881,7.1339011,-0.41288933,0,33.429066,7.1858907,2.9096408,1.1644267,158.45711,0.032673333,4.4430666,0.28366399,,,,,,,,,Fri May 15 2015 16:18:51 GMT+0000 (UTC),Fri May 15 2015 16:18:51 GMT+0000 (UTC)
410510080,2015-02-22,5,45,0,19.008957,0.079138666,2.5852666,30.105721,318.19086,10.050282,-0.37685466,0,37.792801,10.129436,2.4428859,2.0803332,173.54395,0.024223333,3.0206666,0.29403001,,,,,,,,,Fri May 15 2015 16:18:51 GMT+0000 (UTC),Fri May 15 2015 16:18:51 GMT+0000 (UTC)
410510080,2015-02-22,5,50,0,18.75131,0.14339867,2.6665332,30.108879,330.88779,13.263852,-0.12497734,0,40.169334,13.40725,2.5236306,2.1798666,186.57129,0.0233,2.6542666,0.29239199,,,,,,,,,Fri May 15 2015 16:18:51 GMT+0000 (UTC),Fri May 15 2015 16:18:51 GMT+0000 (UTC)
410510080,2015-02-22,5,55,0,25.931257,0.155068,3.3997333,30.106159,308.56097,8.0585852,-0.0019113333,0,41.346134,8.2136536,3.0512981,2.5025067,186.68954,0.029283334,2.8013334,0.28727534,,,,,,,,,Fri May 15 2015 16:18:51 GMT+0000 (UTC),Fri May 15 2015 16:18:51 GMT+0000 (UTC)
410510080,2015-02-22,6,0,0,16.552259,0.18311533,3.7098,30.10528,329.32196,11.321076,0.0123,0,42.088799,11.504185,3.5548844,2.3157334,224.37268,0.02465,2.5298667,0.29288,,,,,,,,,Fri May 15 2015 16:18:51 GMT+0000 (UTC),Fri May 15 2015 16:18:51 GMT+0000 (UTC)
410510080,2015-02-22,6,5,0,30.130033,0.25684333,2.6208668,30.104,252.36694,8.4828606,0.0123,0,42.294533,8.7396908,2.2582281,3.1776934,198.1196,0.030400001,2.1513333,0.26299599,,,,,,,,,Fri May 15 2015 16:18:51 GMT+0000 (UTC),Fri May 15 2015 16:18:51 GMT+0000 (UTC)
410510080,2015-02-22,6,10,0,27.469116,0.22102667,3.3409333,30.1036,259.25363,7.9437938,0.0123,0,40.319733,8.1648207,2.956707,2.7516,213.47423,0.030583333,2.5573332,0.26557001,,,,,,,,,Fri May 15 2015 16:18:51 GMT+0000 (UTC),Fri May 15 2015 16:18:51 GMT+0000 (UTC)
410510080,2015-02-22,6,15,0,23.90176,0.25168067,3.7694666,30.104,228.35095,6.3010793,0.058098666,0,35.515202,6.5527635,3.4412432,2.5188,146.56812,0.03413,3.2018666,0.25050268,,,,,,,,,Fri May 15 2015 16:18:51 GMT+0000 (UTC),Fri May 15 2015 16:18:51 GMT+0000 (UTC)
410510080,2015-02-22,6,20,0,31.833324,0.27357799,2.6422,30.10224,309.1843,8.428175,0.17544533,0,36.077068,8.7017727,2.2341065,1.2417734,160.5864,0.02932,3.6750667,0.25739199,,,,,,,,,Fri May 15 2015 16:18:51 GMT+0000 (UTC),Fri May 15 2015 16:18:51 GMT+0000 (UTC)
410510080,2015-02-22,6,25,0,16.976324,0.270024,3.9403999,30.098,300.36713,9.6977062,0.22893867,0,36.793999,9.967721,3.7673156,1.5990933,171.21228,0.028449999,3.5326667,0.24795467,,,,,,,,,Fri May 15 2015 16:18:51 GMT+0000 (UTC),Fri May 15 2015 16:18:51 GMT+0000 (UTC)
410510080,2015-02-22,6,30,0,33.970753,0.46750134,3.3298666,30.098,311.63721,12.429101,0.37006065,0,37.136398,12.896603,2.7441776,1.4614667,176.10585,0.027166666,3.2270668,0.25477865,,,,,,,,,Fri May 15 2015 16:18:51 GMT+0000 (UTC),Fri May 15 2015 16:18:51 GMT+0000 (UTC)
410510080,2015-02-22,6,35,0,49.040409,0.448304,2.7645333,30.09944,3.5724556,10.144435,0.43208,0,38.198399,10.592735,1.7511821,1.77832,176.13094,0.028016666,3.1365333,0.24651067,,,,,,,,,Fri May 15 2015 16:18:51 GMT+0000 (UTC),Fri May 15 2015 16:18:51 GMT+0000 (UTC)
410510080,2015-02-22,6,40,0,15.631241,0.361866,5.7885332,30.1038,344.81418,8.5144205,0.40610734,2.4000001E-5,37.695866,8.8762932,5.5729647,1.4199867,155.49422,0.030743333,3.4490666,0.25070933,,,,,,,,,Fri May 15 2015 16:18:51 GMT+0000 (UTC),Fri May 15 2015 16:18:51 GMT+0000 (UTC)
410510080,2015-02-22,6,45,0,7.5272398,0.27633467,6.0992665,30.106119,352.15884,8.2116756,0.44725466,4.8533332E-4,36.145599,8.4880209,6.0465951,1.16196,161.9463,0.031763334,3.8497334,0.247766,,,,,,,,,Fri May 15 2015 16:18:51 GMT+0000 (UTC),Fri May 15 2015 16:18:51 GMT+0000 (UTC)
410510080,2015-02-22,6,50,0,11.204476,0.42825401,6.6858001,30.108601,350.76974,9.828146,0.60953069,0.0012426666,35.363201,10.256396,6.5578718,0.89660001,167.61836,0.031053333,4.0022669,0.24565201,,,,,,,,,Fri May 15 2015 16:18:51 GMT+0000 (UTC),Fri May 15 2015 16:18:51 GMT+0000 (UTC)
410510080,2015-02-22,6,55,0,13.805185,0.59833735,5.7952666,30.10988,8.8412313,8.8833618,0.40036467,0.0025573333,35.096668,9.4817076,5.6269264,0.63570666,161.11392,0.031233557,4.2224002,0.25063401,,,,,,,,,Fri May 15 2015 16:18:51 GMT+0000 (UTC),Fri May 15 2015 16:18:51 GMT+0000 (UTC)
410510080,2015-02-22,7,0,0,15.824636,0.53934866,5.7550669,30.110001,35.417995,8.1637354,0.34190801,0.004216,35.429066,8.7030697,5.5354085,0.56578666,158.21797,,4.3164001,0.25781134,,,,,,,,,Fri May 15 2015 16:18:51 GMT+0000 (UTC),Fri May 15 2015 16:18:51 GMT+0000 (UTC)
410510080,2015-02-22,7,5,0,17.909317,0.63896066,6.0416665,30.110001,34.067902,8.4913836,0.476318,0.0063146665,35.908268,9.1303415,5.7463112,0.66343999,156.13853,,4.2822666,0.254076,,,,,,,,,Fri May 15 2015 16:18:51 GMT+0000 (UTC),Fri May 15 2015 16:18:51 GMT+0000 (UTC)
410510080,2015-02-22,7,10,0,11.484527,0.652758,7.7091999,30.109921,45.781128,8.0049229,0.38718867,0.0089946669,35.863998,8.6576595,7.5542235,0.64235997,154.85793,,4.4832001,0.26533601,,,,,,,,,Fri May 15 2015 16:18:51 GMT+0000 (UTC),Fri May 15 2015 16:18:51 GMT+0000 (UTC)
410510080,2015-02-22,7,15,0,9.4655228,0.49974135,7.8137331,30.10952,48.975517,6.8694839,0.092704669,0.015802667,35.3232,7.3692174,7.7070298,0.51227999,137.73111,0.033523142,4.6571999,0.24868067,,,,,,,,,Fri May 15 2015 16:18:52 GMT+0000 (UTC),Fri May 15 2015 16:18:52 GMT+0000 (UTC)
410510080,2015-02-22,7,20,0,10.717535,0.413194,6.6999998,30.108999,41.82077,7.5432558,0.27733132,0.025322666,36.681866,7.9564433,6.5827007,0.64321333,150.7135,0.030906666,4.3862667,0.26801533,,,,,,,,,Fri May 15 2015 16:18:52 GMT+0000 (UTC),Fri May 15 2015 16:18:52 GMT+0000 (UTC)
410510080,2015-02-22,7,25,0,11.11611,0.57922536,6.5278668,30.110001,36.953205,10.664102,0.24970467,0.036546666,36.955601,11.243328,6.404923,0.68188,176.72539,0.029616667,4.2730665,0.28836265,,,,,,,,,Fri May 15 2015 16:18:52 GMT+0000 (UTC),Fri May 15 2015 16:18:52 GMT+0000 (UTC)
410510080,2015-02-22,7,30,0,10.770492,0.81203866,6.7356,30.110001,30.056095,9.0209904,0.33449,0.04992,36.206402,9.833024,6.6165099,0.68482667,156.08261,0.03115,4.3590665,0.273352,,,,,,,,,Fri May 15 2015 16:18:52 GMT+0000 (UTC),Fri May 15 2015 16:18:52 GMT+0000 (UTC)
410510080,2015-02-22,7,35,0,8.6334095,0.74007797,5.9956665,30.109961,30.859104,8.1962366,0.20044866,0.064485334,36.023602,8.9363213,5.9275532,0.86026669,161.05174,0.031106668,4.3505335,0.27355134,,,,,,,,,Fri May 15 2015 16:18:52 GMT+0000 (UTC),Fri May 15 2015 16:18:52 GMT+0000 (UTC)
410510080,2015-02-22,7,40,0,11.025819,0.72227734,5.5787334,30.110001,27.472692,8.4693527,0.39959133,0.081367999,35.728668,9.1916199,5.4753652,0.93434668,162.42052,0.030116666,4.4380002,0.26522934,,,,,,,,,Fri May 15 2015 16:18:52 GMT+0000 (UTC),Fri May 15 2015 16:18:52 GMT+0000 (UTC)
410510080,2015-02-22,7,45,0,12.582812,0.98706067,5.8157334,30.11404,29.188967,10.88725,0.44870466,0.10024267,34.149334,11.874319,5.6753907,0.79089332,160.97641,0.0283,4.8413334,0.25561732,,,,,,,,,Fri May 15 2015 16:18:52 GMT+0000 (UTC),Fri May 15 2015 16:18:52 GMT+0000 (UTC)
410510080,2015-02-22,7,50,0,13.491664,1.224254,5.2858,30.115999,34.883526,10.674462,0.35826734,0.120968,33.664932,11.898713,5.1391535,0.73329335,206.9549,0.029373333,4.9777331,0.25900066,,,,,,,,,Fri May 15 2015 16:18:52 GMT+0000 (UTC),Fri May 15 2015 16:18:52 GMT+0000 (UTC)
410510080,2015-02-22,7,55,0,17.69776,1.3128934,5.1119332,30.115999,53.170433,9.7659311,0.62054598,0.14213334,32.428001,11.07883,4.8678985,0.63283998,189.92001,0.031496666,5.2746668,0.25652617,,,,,,,,,Fri May 15 2015 16:18:52 GMT+0000 (UTC),Fri May 15 2015 16:18:52 GMT+0000 (UTC)
410510080,2015-02-22,8,0,0,13.46408,1.3225141,5.6953335,30.157721,62.664383,8.5991955,0.598342,0.16495466,30.978266,9.9217043,5.5379705,0.40285334,179.82997,0.03325,5.7168002,,,,,,,,,,Fri May 15 2015 16:18:52 GMT+0000 (UTC),Fri May 15 2015 16:18:52 GMT+0000 (UTC)
410510080,2015-02-22,8,5,0,14.858255,1.2334447,7.0135331,30.158001,70.595284,7.79038,0.486642,0.18118666,31.561733,9.0238371,6.7775383,0.38570666,178.02304,0.033386666,5.7657332,,,,,,,,,,Fri May 15 2015 16:18:52 GMT+0000 (UTC),Fri May 15 2015 16:18:52 GMT+0000 (UTC)
410510080,2015-02-22,8,10,0,11.399509,1.1456153,7.0591998,30.11628,60.277248,7.1922641,0.50396067,0.19382933,31.476534,8.3378649,6.9193835,0.30330667,178.79848,0.033513334,5.7654667,0.24752645,,,,,,,,,Fri May 15 2015 16:18:52 GMT+0000 (UTC),Fri May 15 2015 16:18:52 GMT+0000 (UTC)
410510080,2015-02-22,8,15,0,13.340148,1.0882653,7.6739335,30.115999,58.747681,6.8018365,0.45648333,0.20944799,31.019733,7.8901134,7.4657869,0.26536,174.13551,0.034213334,5.9052,0.25117466,,,,,,,,,Fri May 15 2015 16:18:52 GMT+0000 (UTC),Fri May 15 2015 16:18:52 GMT+0000 (UTC)
410510080,2015-02-22,8,20,0,12.530739,1.2571,6.6512666,30.115999,54.332775,6.6474452,0.42503133,0.22481866,31.9132,7.9045653,6.4920869,0.19953333,162.83235,0.034219999,6.0438666,0.24470733,,,,,,,,,Fri May 15 2015 16:18:52 GMT+0000 (UTC),Fri May 15 2015 16:18:52 GMT+0000 (UTC)
410510080,2015-02-22,8,25,0,14.697632,1.260114,7.3768668,30.115999,50.869503,6.1103134,0.48122135,0.233152,32.675335,7.3704238,7.1339841,0.25687999,162.01343,0.035,6.0890665,0.24101533,,,,,,,,,Fri May 15 2015 16:18:52 GMT+0000 (UTC),Fri May 15 2015 16:18:52 GMT+0000 (UTC)
410510080,2015-02-22,8,30,0,13.686864,1.0955013,7.5942669,30.115999,56.801865,5.7203126,0.37522066,0.25711468,31.579201,6.8158188,7.3774347,0.19353333,162.85983,0.035196666,6.2428002,0.25267532,,,,,,,,,Fri May 15 2015 16:18:52 GMT+0000 (UTC),Fri May 15 2015 16:18:52 GMT+0000 (UTC)
410510080,2015-02-22,8,35,0,10.77877,1.0369973,7.0148668,30.115999,56.58585,5.4159918,0.30921468,0.27315199,30.776667,6.4529891,6.8906479,0.18855999,161.00351,0.035033334,6.4271998,0.258892,,,,,,,,,Fri May 15 2015 16:18:52 GMT+0000 (UTC),Fri May 15 2015 16:18:52 GMT+0000 (UTC)
410510080,2015-02-22,8,40,0,17.51829,1.0198194,6.8849335,30.115999,45.111645,5.6184373,0.274468,0.28905067,31.020399,6.6382465,6.562891,0.14737333,159.27371,0.034443334,6.6489334,0.26524332,,,,,,,,,Fri May 15 2015 16:18:52 GMT+0000 (UTC),Fri May 15 2015 16:18:52 GMT+0000 (UTC)
410510080,2015-02-22,8,45,0,15.990418,1.1778806,6.7214665,30.115761,48.796028,5.646472,0.23665734,0.30582935,31.306667,6.8243446,6.4595194,0.16548,167.50594,0.035020001,6.8162665,0.265304,,,,,,,,,Fri May 15 2015 16:18:52 GMT+0000 (UTC),Fri May 15 2015 16:18:52 GMT+0000 (UTC)
410510080,2015-02-22,8,50,0,17.910826,1.2102127,6.4726,30.10988,51.547951,5.7916908,0.441374,0.32235467,31.8864,7.0018902,6.1561246,0.26277333,174.18341,0.033143334,6.8572001,0.27193266,,,,,,,,,Fri May 15 2015 16:18:52 GMT+0000 (UTC),Fri May 15 2015 16:18:52 GMT+0000 (UTC)
410510080,2015-02-22,8,55,0,20.953876,1.3263021,6.9555998,30.104561,38.575558,6.0126801,0.45513865,0.33828533,32.050533,7.3389788,6.490128,0.18014666,174.34627,0.03413,7.0005331,0.26463601,,,,,,,,,Fri May 15 2015 16:18:52 GMT+0000 (UTC),Fri May 15 2015 16:18:52 GMT+0000 (UTC)
410510080,2015-02-22,9,0,0,17.28373,1.3799174,7.2672,30.104,36.701942,6.0546918,0.35771799,0.353856,32.478001,7.4346094,6.9363189,0.14029333,174.84566,0.034676667,7.1553335,0.25469801,,,,,,,,,Fri May 15 2015 16:18:52 GMT+0000 (UTC),Fri May 15 2015 16:18:52 GMT+0000 (UTC)
410510080,2015-02-22,9,5,0,18.294678,1.566956,8.1980667,30.104,42.631042,6.0057678,0.393316,0.36978668,31.8496,7.5727019,7.77986,-0.013933334,189.49242,0.034926668,7.3657331,0.260674,,,,,,,,,Fri May 15 2015 16:18:52 GMT+0000 (UTC),Fri May 15 2015 16:18:52 GMT+0000 (UTC)
410510080,2015-02-22,9,10,0,14.55941,1.6222154,9.4198666,30.10396,31.901762,5.7488022,0.48167399,0.38573867,31.097067,7.3710027,9.1155243,-0.06476,182.79836,0.035596665,7.5380001,0.26451334,,,,,,,,,Fri May 15 2015 16:18:52 GMT+0000 (UTC),Fri May 15 2015 16:18:52 GMT+0000 (UTC)
410510080,2015-02-22,9,15,0,17.104357,1.5534134,9.5408669,30.102119,35.32531,5.3320799,0.55296469,0.40109068,29.594801,6.8854966,9.1154337,-0.062973335,172.508,0.036789998,7.7042665,0.25222933,,,,,,,,,Fri May 15 2015 16:18:52 GMT+0000 (UTC),Fri May 15 2015 16:18:52 GMT+0000 (UTC)
410510080,2015-02-22,9,20,0,18.263796,1.5551733,8.6049995,30.098881,36.178345,4.2945871,0.61337,0.41601068,29.1136,5.8497572,8.1675138,-0.047386665,165.27083,0.037073333,7.8762665,0.24901067,,,,,,,,,Fri May 15 2015 16:18:52 GMT+0000 (UTC),Fri May 15 2015 16:18:52 GMT+0000 (UTC)
410510080,2015-02-22,9,25,0,16.469414,1.4983387,8.8984003,30.098,48.533169,4.2085915,0.42268133,0.43039468,28.6724,5.7069201,8.5305271,-0.14877333,168.47858,0.037006665,8.1745329,0.25028533,,,,,,,,,Fri May 15 2015 16:18:52 GMT+0000 (UTC),Fri May 15 2015 16:18:52 GMT+0000 (UTC)
410510080,2015-02-22,9,30,0,12.848347,1.3374447,11.0122,30.098,54.595737,3.9595454,0.42963266,0.44462401,27.827999,5.2969985,10.735125,-0.21636,161.61009,0.038073335,8.2689333,0.24320133,,,,,,,,,Fri May 15 2015 16:18:52 GMT+0000 (UTC),Fri May 15 2015 16:18:52 GMT+0000 (UTC)
410510080,2015-02-22,9,35,0,17.623323,1.2854754,9.2844667,30.0928,53.240513,3.907166,0.36146533,0.45919466,28.003468,5.192656,8.8449631,-0.21404,165.14941,0.037163332,8.4614668,0.24905267,,,,,,,,,Fri May 15 2015 16:18:52 GMT+0000 (UTC),Fri May 15 2015 16:18:52 GMT+0000 (UTC)
410510080,2015-02-22,9,40,0,14.619272,1.1671673,11.826667,30.092159,47.622044,4.1386251,0.24426267,0.47417334,26.979866,5.3057895,11.441416,-0.27237332,168.1606,0.037766665,8.7089329,0.25036934,,,,,,,,,Fri May 15 2015 16:18:52 GMT+0000 (UTC),Fri May 15 2015 16:18:52 GMT+0000 (UTC)
410510080,2015-02-22,9,45,0,15.348231,1.1916946,12.860333,30.091999,60.489521,4.0867448,0.080256663,0.48779732,25.816267,5.2784429,12.398592,-0.22153333,160.63434,0.03875,8.8064003,0.24788199,,,,,,,,,Fri May 15 2015 16:18:52 GMT+0000 (UTC),Fri May 15 2015 16:18:52 GMT+0000 (UTC)
410510080,2015-02-22,9,50,0,11.232885,1.206524,11.352266,30.09108,66.151512,3.9140794,0.26801199,0.50105602,25.428133,5.1206102,11.133945,-0.25048,186.51842,0.038856667,8.8604002,0.23774201,,,,,,,,,Fri May 15 2015 16:18:52 GMT+0000 (UTC),Fri May 15 2015 16:18:52 GMT+0000 (UTC)
410510080,2015-02-22,9,55,0,18.690157,1.201534,9.5919333,30.0882,66.489098,3.6847467,0.41997266,0.51506132,25.468666,4.8862653,9.0812378,-0.29446667,161.8998,0.037730001,9.1717329,0.25511,,,,,,,,,Fri May 15 2015 16:18:52 GMT+0000 (UTC),Fri May 15 2015 16:18:52 GMT+0000 (UTC)
410510080,2015-02-22,10,0,0,16.549797,1.1522833,13.321067,30.0884,57.783802,3.2811601,0.49050933,0.528328,24.6984,4.4334455,12.764966,-0.29569334,158.37004,0.039099999,9.2458668,0.24134867,,,,,,,,,Fri May 15 2015 16:18:52 GMT+0000 (UTC),Fri May 15 2015 16:18:52 GMT+0000 (UTC)
410510080,2015-02-22,10,5,0,13.10081,1.1766213,12.694667,30.091961,63.934479,2.9046266,0.42105332,0.54078132,23.779333,4.0812511,12.362583,-0.29329333,157.48659,0.039553333,9.3390665,0.24264733,,,,,,,,,Fri May 15 2015 16:18:52 GMT+0000 (UTC),Fri May 15 2015 16:18:52 GMT+0000 (UTC)
410510080,2015-02-22,10,10,0,13.739617,1.362846,13.185133,30.092319,64.477905,2.876832,0.42707801,0.55228531,23.742268,4.2396731,12.805761,-0.31288001,184.92995,0.040046666,9.4050665,0.24620333,,,,,,,,,Fri May 15 2015 16:18:52 GMT+0000 (UTC),Fri May 15 2015 16:18:52 GMT+0000 (UTC)
410510080,2015-02-22,10,15,0,15.875022,1.7213067,11.486667,30.097679,68.444351,2.9675093,0.36834201,0.56328535,24.2104,4.6888041,11.045449,-0.3328,155.00351,0.039506666,9.4853334,0.24912,,,,,,,,,Fri May 15 2015 16:18:52 GMT+0000 (UTC),Fri May 15 2015 16:18:52 GMT+0000 (UTC)
410510080,2015-02-22,10,20,0,17.043692,1.6958853,9.0861998,30.098,50.236607,3.1250613,0.43952668,0.57656801,24.532267,4.82093,8.6839094,-0.42767999,158.80283,0.039166667,9.9007998,0.24558334,,,,,,,,,Fri May 15 2015 16:18:52 GMT+0000 (UTC),Fri May 15 2015 16:18:52 GMT+0000 (UTC)
410510080,2015-02-22,10,25,0,18.215282,1.64395,11.401466,30.095961,62.370983,2.9230487,0.43384933,0.58718669,23.577868,4.5669885,10.824883,-0.48817334,161.75491,0.03929,10.030666,0.24101533,,,,,,,,,Fri May 15 2015 16:18:52 GMT+0000 (UTC),Fri May 15 2015 16:18:52 GMT+0000 (UTC)
410510080,2015-02-22,10,30,0,14.665521,1.4567146,11.463133,30.09284,66.901726,2.9460461,0.39832267,0.59800798,23.521067,4.4027505,11.087358,-0.40973333,156.7495,0.03971,9.9636002,0.24472401,,,,,,,,,Fri May 15 2015 16:18:52 GMT+0000 (UTC),Fri May 15 2015 16:18:52 GMT+0000 (UTC)
410510080,2015-02-22,10,35,0,15.270095,1.2845533,12.370133,30.091921,60.851589,3.2918999,0.39331535,0.60951197,24.042801,4.5764465,11.930503,-0.43305334,190.01808,0.039116666,10.1072,0.25320467,,,,,,,,,Fri May 15 2015 16:18:52 GMT+0000 (UTC),Fri May 15 2015 16:18:52 GMT+0000 (UTC)
410510080,2015-02-22,10,40,0,22.45365,1.5308673,8.2076664,30.089279,58.675579,3.7906268,0.43682334,0.61965066,23.964399,5.3215141,7.5769653,-0.42981333,152.05756,0.038603332,10.3688,0.24517401,,,,,,,,,Fri May 15 2015 16:18:52 GMT+0000 (UTC),Fri May 15 2015 16:18:52 GMT+0000 (UTC)
410510080,2015-02-22,10,45,0,17.027042,1.351508,12.321466,30.086241,65.369392,3.3301167,0.45709601,0.62959468,22.920534,4.6816249,11.777,-0.55754668,153.21265,0.040283334,10.5148,0.24386333,,,,,,,,,Fri May 15 2015 16:18:52 GMT+0000 (UTC),Fri May 15 2015 16:18:52 GMT+0000 (UTC)
410510080,2015-02-22,10,50,0,17.549593,1.1522694,11.086933,30.086,71.322266,2.9222186,0.42820999,0.63792002,22.4056,4.0744781,10.566486,-0.44564,155.3456,0.039913334,10.446934,0.24487533,,,,,,,,,Fri May 15 2015 16:18:52 GMT+0000 (UTC),Fri May 15 2015 16:18:52 GMT+0000 (UTC)
410510080,2015-02-22,10,55,0,15.682075,0.94910133,12.907333,30.08264,55.263672,2.6158106,0.60474998,0.64799464,21.903999,3.5649154,12.423525,-0.43412,156.44427,0.040303335,10.506667,0.245298,,,,,,,,,Fri May 15 2015 16:18:52 GMT+0000 (UTC),Fri May 15 2015 16:18:52 GMT+0000 (UTC)
410510080,2015-02-22,11,0,0,12.476595,0.855232,12.207067,30.08,63.486004,2.7888412,0.57792068,0.65565336,22.334667,3.6440899,11.917443,-0.537,152.80623,0.040143333,10.72,0.24237533,,,,,,,,,Fri May 15 2015 16:18:52 GMT+0000 (UTC),Fri May 15 2015 16:18:52 GMT+0000 (UTC)
410510080,2015-02-22,11,5,0,19.962843,0.91873199,11.4242,30.07996,58.941177,2.8764474,0.44679201,0.66442668,22.397734,3.7951927,10.730294,-0.52372003,179.96999,0.040096667,10.773733,0.242376,,,,,,,,,Fri May 15 2015 16:18:52 GMT+0000 (UTC),Fri May 15 2015 16:18:52 GMT+0000 (UTC)
410510080,2015-02-22,11,10,0,23.491423,1.0906847,9.0184669,30.079559,50.863739,2.875814,0.43968466,0.67095464,23.2332,3.9665086,8.259922,-0.54654664,163.69736,0.039586667,11.006267,0.24517934,,,,,,,,,Fri May 15 2015 16:18:52 GMT+0000 (UTC),Fri May 15 2015 16:18:52 GMT+0000 (UTC)
410510080,2015-02-22,11,15,0,15.732846,1.2982713,11.829467,30.075319,51.63213,3.3132761,0.36605334,0.67891735,22.7976,4.6115375,11.383184,-0.63954669,173.96507,0.039073333,11.3092,0.25247467,,,,,,,,,Fri May 15 2015 16:18:52 GMT+0000 (UTC),Fri May 15 2015 16:18:52 GMT+0000 (UTC)
410510080,2015-02-22,11,20,0,14.807525,1.2490053,13.199866,30.074039,61.84029,2.9063859,0.40681133,0.68506402,22.001333,4.1553845,12.758739,-0.58477336,157.20375,0.040180001,10.9932,0.23903599,,,,,,,,,Fri May 15 2015 16:18:52 GMT+0000 (UTC),Fri May 15 2015 16:18:52 GMT+0000 (UTC)
410510080,2015-02-22,11,25,0,14.78462,1.2572334,12.676333,30.073999,61.04689,2.6124959,0.30766666,0.69138932,22.121468,3.8697248,12.254011,-0.52767998,155.48613,0.040516667,11.0036,0.23530734,,,,,,,,,Fri May 15 2015 16:18:52 GMT+0000 (UTC),Fri May 15 2015 16:18:52 GMT+0000 (UTC)
410510080,2015-02-22,11,30,0,14.06456,1.2827866,9.8637333,30.06868,65.09449,2.5763559,0.25624266,0.69664001,23.516933,3.8591373,9.5663452,-0.68295997,169.25655,0.039556667,11.397333,0.239636,,,,,,,,,Fri May 15 2015 16:18:52 GMT+0000 (UTC),Fri May 15 2015 16:18:52 GMT+0000 (UTC)
410510080,2015-02-22,11,35,0,15.806547,1.3022313,13.0212,30.068279,56.617718,2.9866126,0.26396933,0.70327467,22.460934,4.2888322,12.525345,-0.66332,168.3327,0.040323332,11.3368,0.24332866,,,,,,,,,Fri May 15 2015 16:18:52 GMT+0000 (UTC),Fri May 15 2015 16:18:52 GMT+0000 (UTC)
410510080,2015-02-22,11,40,0,15.063495,1.2157646,12.325067,30.068279,56.478588,2.8141747,0.15559401,0.70790666,22.851067,4.0299401,11.89881,-0.57700002,156.32428,0.040276665,11.1848,0.24287267,,,,,,,,,Fri May 15 2015 16:18:52 GMT+0000 (UTC),Fri May 15 2015 16:18:52 GMT+0000 (UTC)
410510080,2015-02-22,11,45,0,12.244162,1.2252327,13.491867,30.068199,55.829899,3.2341232,0.25613666,0.71231467,23.750799,4.4593773,13.183577,-0.56877333,157.87791,0.039896667,11.3084,0.238794,,,,,,,,,Fri May 15 2015 16:18:52 GMT+0000 (UTC),Fri May 15 2015 16:18:52 GMT+0000 (UTC)
410510080,2015-02-22,11,50,0,18.021885,1.3103293,11.856934,30.066919,65.680573,2.82144,0.23404667,0.71560001,23.295601,4.1317692,11.269981,-0.57959998,154.68692,0.039773334,11.3988,0.23960534,,,,,,,,,Fri May 15 2015 16:18:52 GMT+0000 (UTC),Fri May 15 2015 16:18:52 GMT+0000 (UTC)
410510080,2015-02-22,11,55,0,18.420647,1.575334,11.690133,30.059601,51.916595,3.0920627,0.134158,0.71953601,23.024401,4.6674066,11.085546,-0.60178667,158.03914,0.040156666,11.6556,0.23847333,,,,,,,,,Fri May 15 2015 16:18:52 GMT+0000 (UTC),Fri May 15 2015 16:18:52 GMT+0000 (UTC)
410510080,2015-02-22,12,0,0,16.989899,1.5254101,9.6524668,30.056,56.901241,2.9494359,0.1,0.72173065,22.645334,4.4748192,9.2277985,-0.59928,157.54964,0.040013332,11.6988,0.24110401,,,,,,,,,Fri May 15 2015 16:18:52 GMT+0000 (UTC),Fri May 15 2015 16:18:52 GMT+0000 (UTC)
410510080,2015-02-22,12,5,0,17.123632,1.445496,10.427533,30.0546,63.983936,2.991678,0.1,0.72369868,23.3284,4.4371638,9.9615145,-0.65673333,158.7878,0.039652001,11.94,0.24094667,,,,,,,,,Fri May 15 2015 16:18:52 GMT+0000 (UTC),Fri May 15 2015 16:18:52 GMT+0000 (UTC)
410510080,2015-02-22,12,10,0,19.225857,1.2436054,12.784534,30.05044,65.193298,2.7805486,0.1,0.72562402,21.558001,4.0241609,12.064279,-0.56036001,162.91151,0.041069999,11.831734,0.24334466,,,,,,,,,Fri May 15 2015 16:18:52 GMT+0000 (UTC),Fri May 15 2015 16:18:52 GMT+0000 (UTC)
410510080,2015-02-22,12,15,0,14.229909,1.2484226,11.809533,30.049879,65.402916,2.6112914,0.09512867,0.72789067,21.515467,3.8597074,11.445059,-0.48050666,161.79443,0.041233335,11.751333,0.24252467,,,,,,,,,Fri May 15 2015 16:18:52 GMT+0000 (UTC),Fri May 15 2015 16:18:52 GMT+0000 (UTC)
410510080,2015-02-22,12,20,0,20.421417,1.2372566,13.1988,30.048161,66.49028,2.3223467,0.13489267,0.72890669,22.422001,3.5596099,12.35985,-0.53793335,163.4503,0.041273333,12.038533,0.24385533,,,,,,,,,Fri May 15 2015 16:18:52 GMT+0000 (UTC),Fri May 15 2015 16:18:52 GMT+0000 (UTC)
410510080,2015-02-22,12,25,0,15.566617,1.093744,12.264133,30.04468,55.924393,2.1831567,0.013179333,0.72966933,21.463467,3.2768993,11.811178,-0.53881335,155.47534,0.041536666,11.9488,0.24428201,,,,,,,,,Fri May 15 2015 16:18:52 GMT+0000 (UTC),Fri May 15 2015 16:18:52 GMT+0000 (UTC)
410510080,2015-02-22,12,30,0,17.621439,1.11813,14.061733,30.045441,71.665726,2.1157053,-0.009630667,0.73020536,22.454933,3.23383,13.396229,-0.53500003,151.84937,0.041066665,12.084133,0.24346666,,,,,,,,,Fri May 15 2015 16:18:52 GMT+0000 (UTC),Fri May 15 2015 16:18:52 GMT+0000 (UTC)
410510080,2015-02-22,12,35,0,16.370275,1.1232793,12.302533,30.044161,64.572235,2.2295661,-0.088180669,0.72934932,22.249866,3.3528287,11.800034,-0.46191999,155.18575,0.040770002,11.961066,0.24664667,,,,,,,,,Fri May 15 2015 16:18:52 GMT+0000 (UTC),Fri May 15 2015 16:18:52 GMT+0000 (UTC)
410510080,2015-02-22,12,40,0,17.15007,0.92261398,11.420067,30.044041,66.368576,2.6052821,-0.20255533,0.72775465,22.752001,3.5278907,10.908113,-0.60658669,155.55447,0.040576667,12.2584,0.24067134,,,,,,,,,Fri May 15 2015 16:18:52 GMT+0000 (UTC),Fri May 15 2015 16:18:52 GMT+0000 (UTC)
410510080,2015-02-22,12,45,0,12.06811,0.82265598,12.956734,30.044041,77.741005,2.7345047,-0.11025133,0.72530133,21.222799,3.5571628,12.669124,-0.56327999,159.5126,0.041026667,12.131066,0.24821667,,,,,,,,,Fri May 15 2015 16:18:52 GMT+0000 (UTC),Fri May 15 2015 16:18:52 GMT+0000 (UTC)
410510080,2015-02-22,12,50,0,15.954938,0.96350735,12.510867,30.041401,81.476135,2.747586,-0.086994,0.72281069,21.200266,3.7110968,12.025458,-0.52829331,160.45378,0.040970001,12.330267,0.25311199,,,,,,,,,Fri May 15 2015 16:18:52 GMT+0000 (UTC),Fri May 15 2015 16:18:52 GMT+0000 (UTC)
410510080,2015-02-22,12,55,0,16.679626,0.9723013,12.444734,30.038,85.028847,2.7167606,-0.12365934,0.71980798,21.555067,3.6890488,11.917032,-0.49057335,160.22021,0.040623333,12.316267,0.25134999,,,,,,,,,Fri May 15 2015 16:18:52 GMT+0000 (UTC),Fri May 15 2015 16:18:52 GMT+0000 (UTC)
410510080,2015-02-22,13,0,0,21.854212,0.92201799,12.407066,30.03788,64.866653,2.7908366,-0.18304799,0.71810132,20.917601,3.7128613,11.503897,-0.47408,157.64166,0.040910002,12.4664,0.24537267,,,,,,,,,Fri May 15 2015 16:18:52 GMT+0000 (UTC),Fri May 15 2015 16:18:52 GMT+0000 (UTC)
410510080,2015-02-22,13,5,0,19.44565,1.1436653,10.990666,30.03756,59.316925,2.611284,-0.101222,0.71368533,21.4484,3.7549441,10.357236,-0.53744,157.36586,0.041116666,12.696533,0.24543934,,,,,,,,,Fri May 15 2015 16:18:52 GMT+0000 (UTC),Fri May 15 2015 16:18:52 GMT+0000 (UTC)
410510080,2015-02-22,13,10,0,18.07386,1.1805934,11.409866,30.03252,59.058563,2.6011608,-0.091740668,0.70957065,21.195999,3.7817574,10.841783,-0.56992,162.88417,0.040826667,12.730267,0.24455,,,,,,,,,Fri May 15 2015 16:18:52 GMT+0000 (UTC),Fri May 15 2015 16:18:52 GMT+0000 (UTC)
410510080,2015-02-22,13,15,0,17.164516,1.2260127,12.349667,30.03236,72.557312,2.5824039,-0.072340667,0.70484531,20.794134,3.8084254,11.795107,-0.54349333,170.02907,0.040713333,12.743733,0.25384733,,,,,,,,,Fri May 15 2015 16:18:52 GMT+0000 (UTC),Fri May 15 2015 16:18:52 GMT+0000 (UTC)
410510080,2015-02-22,13,20,0,17.129765,1.23158,11.8212,30.032,75.462387,2.6560154,-0.057171334,0.69910932,20.660267,3.8875754,11.292519,-0.52753335,154.38635,0.040786665,12.877067,0.249468,,,,,,,,,Fri May 15 2015 16:18:52 GMT+0000 (UTC),Fri May 15 2015 16:18:52 GMT+0000 (UTC)
410510080,2015-02-22,13,25,0,17.406113,1.0043859,11.4032,30.03196,77.249718,2.8656659,-0.106634,0.69326401,21.387333,3.8700421,10.876625,-0.46746665,159.59978,0.040566668,12.9644,0.26332468,,,,,,,,,Fri May 15 2015 16:18:52 GMT+0000 (UTC),Fri May 15 2015 16:18:52 GMT+0000 (UTC)
410510080,2015-02-22,13,30,0,16.78134,0.80974466,14.627733,30.029881,56.399754,3.005816,-0.18539466,0.68997067,20.883333,3.8155661,13.999877,-0.47862667,168.82263,0.041493334,12.964933,0.258834,,,,,,,,,Fri May 15 2015 16:18:52 GMT+0000 (UTC),Fri May 15 2015 16:18:52 GMT+0000 (UTC)
410510080,2015-02-22,13,35,0,17.179243,0.82079464,16.042267,30.02652,46.70277,2.9811754,-0.17808734,0.68513864,19.952267,3.8019967,15.320655,-0.45276001,158.04808,0.042126667,12.673333,0.24629067,,,,,,,,,Fri May 15 2015 16:18:52 GMT+0000 (UTC),Fri May 15 2015 16:18:52 GMT+0000 (UTC)
410510080,2015-02-22,13,40,0,15.602161,0.72035468,15.143867,30.026079,51.915733,2.8386641,0.0017346666,0.67627734,20.180666,3.559032,14.581996,-0.42644,144.97751,0.042373333,12.655733,0.24630266,,,,,,,,,Fri May 15 2015 16:18:52 GMT+0000 (UTC),Fri May 15 2015 16:18:52 GMT+0000 (UTC)
410510080,2015-02-22,13,45,0,20.698069,0.66356534,14.191867,30.02788,54.623363,2.5642507,-0.009763333,0.66779202,19.846266,3.2278039,13.265188,-0.39073333,148.35281,0.042526666,12.6736,0.24878,,,,,,,,,Fri May 15 2015 16:18:52 GMT+0000 (UTC),Fri May 15 2015 16:18:52 GMT+0000 (UTC)
410510080,2015-02-22,13,50,0,18.96714,0.59066802,12.080067,30.028481,56.617195,2.3020713,-0.043329999,0.65855199,20.9184,2.8927507,11.417693,-0.41749334,160.6201,0.042263333,12.7096,0.25193667,,,,,,,,,Fri May 15 2015 16:18:52 GMT+0000 (UTC),Fri May 15 2015 16:18:52 GMT+0000 (UTC)
410510080,2015-02-22,13,55,0,15.20561,0.64161867,13.525666,30.032,62.275944,2.2835414,-0.141932,0.64972532,20.327333,2.9251506,13.049019,-0.50762665,165.02571,0.041086666,12.821733,0.25819001,,,,,,,,,Fri May 15 2015 16:18:52 GMT+0000 (UTC),Fri May 15 2015 16:18:52 GMT+0000 (UTC)
410510080,2015-02-22,14,0,0,13.786201,0.755916,14.885467,30.032,61.115154,2.4914861,-0.15942666,0.64182669,19.8652,3.2474,14.454264,-0.45633334,161.08969,0.042036667,12.693334,0.25117201,,,,,,,,,Fri May 15 2015 16:18:52 GMT+0000 (UTC),Fri May 15 2015 16:18:52 GMT+0000 (UTC)
410510080,2015-02-22,14,5,0,15.187381,0.87924665,15.056334,30.03116,60.349171,2.4133613,-0.063596003,0.633672,19.815599,3.292628,14.527018,-0.40122667,162.2372,0.041873332,12.596666,0.25813332,,,,,,,,,Fri May 15 2015 16:18:52 GMT+0000 (UTC),Fri May 15 2015 16:18:52 GMT+0000 (UTC)
410510080,2015-02-22,14,10,0,14.04924,0.84430867,13.554733,30.028481,60.645737,2.1777999,0.0043853335,0.62351465,20.373199,3.0221219,13.146954,-0.35878667,156.5679,0.041883335,12.6664,0.25371265,,,,,,,,,Fri May 15 2015 16:18:52 GMT+0000 (UTC),Fri May 15 2015 16:18:52 GMT+0000 (UTC)
410510080,2015-02-22,14,15,0,12.551198,0.85133201,15.4086,30.029079,60.501743,2.4020414,-0.054343332,0.614272,19.728533,3.25336,15.038631,-0.37143999,153.27345,0.041303333,12.647734,0.25249866,,,,,,,,,Fri May 15 2015 16:18:52 GMT+0000 (UTC),Fri May 15 2015 16:18:52 GMT+0000 (UTC)
410510080,2015-02-22,14,20,0,15.411575,0.76212132,15.251133,30.02808,53.696701,2.3205833,-0.038620666,0.60279202,19.994667,3.0826893,14.699022,-0.38590667,153.09479,0.042093333,12.5928,0.25158933,,,,,,,,,Fri May 15 2015 16:18:52 GMT+0000 (UTC),Fri May 15 2015 16:18:52 GMT+0000 (UTC)
410510080,2015-02-22,14,25,0,14.420251,0.69143331,14.9552,30.026039,57.314377,1.9910867,-0.017034,0.59102398,19.625732,2.682512,14.481211,-0.37210667,151.45473,0.042483333,12.5836,0.24680801,,,,,,,,,Fri May 15 2015 16:18:52 GMT+0000 (UTC),Fri May 15 2015 16:18:52 GMT+0000 (UTC)
410510080,2015-02-22,14,30,0,15.087519,0.62596202,16.381533,30.027519,67.273933,1.7719266,0.16571733,0.58066136,19.621468,2.3978901,15.813177,-0.32237333,155.73586,0.041983332,12.621467,0.25149199,,,,,,,,,Fri May 15 2015 16:18:52 GMT+0000 (UTC),Fri May 15 2015 16:18:52 GMT+0000 (UTC)
410510080,2015-02-22,14,35,0,17.252317,0.82974869,14.299267,30.031,65.859749,2.2156546,0.11974534,0.56754935,19.8752,3.0453801,13.650575,-0.33478665,153.92186,0.04188,12.7168,0.24702267,,,,,,,,,Fri May 15 2015 16:18:52 GMT+0000 (UTC),Fri May 15 2015 16:18:52 GMT+0000 (UTC)
410510080,2015-02-22,14,40,0,15.71916,0.78201264,15.2372,30.03196,68.614655,2.2009561,-0.113822,0.55726397,19.194134,2.9829841,14.663356,-0.30054668,150.88608,0.042743333,12.598933,0.24614733,,,,,,,,,Fri May 15 2015 16:18:52 GMT+0000 (UTC),Fri May 15 2015 16:18:52 GMT+0000 (UTC)
410510080,2015-02-22,14,45,0,19.959251,0.73417801,13.0034,30.03116,57.753132,2.2377853,-0.040811334,0.54258132,20.126801,2.9719434,12.213858,-0.28036001,154.31989,0.041760001,12.649734,0.25616866,,,,,,,,,Fri May 15 2015 16:18:52 GMT+0000 (UTC),Fri May 15 2015 16:18:52 GMT+0000 (UTC)
410510080,2015-02-22,14,50,0,19.606136,0.70994401,13.728133,30.028521,75.337898,2.2988353,-0.083062664,0.53100532,19.7108,3.0087793,12.92382,-0.3154,159.63322,0.040883332,12.767067,0.25984734,,,,,,,,,Fri May 15 2015 16:18:52 GMT+0000 (UTC),Fri May 15 2015 16:18:52 GMT+0000 (UTC)
410510080,2015-02-22,14,55,0,18.895927,0.84927601,11.2272,30.0282,70.869484,3.1372013,-0.12364333,0.51575464,20.430401,3.9864993,10.616204,-0.32956001,172.46715,0.040243335,12.910666,0.261296,,,,,,,,,Fri May 15 2015 16:18:52 GMT+0000 (UTC),Fri May 15 2015 16:18:52 GMT+0000 (UTC)
410510080,2015-02-22,15,0,0,15.46043,0.94511932,14.986134,30.032,74.04882,3.2526927,-0.029605333,0.50534397,19.980534,4.1978111,14.440171,-0.24373333,170.46626,0.041719999,12.7124,0.25791666,,,,,,,,,Fri May 15 2015 16:18:52 GMT+0000 (UTC),Fri May 15 2015 16:18:52 GMT+0000 (UTC)
410510080,2015-02-22,15,5,0,13.670533,1.0205094,14.973534,30.032,75.44355,3.1480587,0.050214667,0.49157867,19.125999,4.1685686,14.547027,-0.28069332,170.56671,0.042176668,12.6316,0.26228201,,,,,,,,,Fri May 15 2015 16:18:52 GMT+0000 (UTC),Fri May 15 2015 16:18:52 GMT+0000 (UTC)
410510080,2015-02-22,15,10,0,16.346989,0.93588865,12.750533,30.032,78.223747,1.9865394,0.083495334,0.47643468,19.735067,2.9224327,12.231215,-0.18057333,164.99384,0.041483331,12.5752,0.26709199,,,,,,,,,Fri May 15 2015 16:18:52 GMT+0000 (UTC),Fri May 15 2015 16:18:52 GMT+0000 (UTC)
410510080,2015-02-22,15,15,0,17.454586,0.93360198,14.706467,30.032,73.748184,2.4301527,0.001306,0.46469867,19.865067,3.3637614,14.023566,-0.21894667,162.23366,0.041870002,12.656,0.27060401,,,,,,,,,Fri May 15 2015 16:18:52 GMT+0000 (UTC),Fri May 15 2015 16:18:52 GMT+0000 (UTC)
410510080,2015-02-22,15,20,0,15.407388,1.0147767,14.238,30.03116,60.966526,2.6643519,0.0049733333,0.45064801,20.072399,3.6791253,13.722846,-0.18393333,162.81963,0.04112,12.567734,0.25044134,,,,,,,,,Fri May 15 2015 16:18:52 GMT+0000 (UTC),Fri May 15 2015 16:18:52 GMT+0000 (UTC)
410510080,2015-02-22,15,25,0,15.760295,1.0319734,13.2014,30.02696,71.226067,3.3444366,-0.083584003,0.43655732,19.9636,4.3763933,12.70162,-0.19798666,164.53537,0.040800001,12.6404,0.25527868,,,,,,,,,Fri May 15 2015 16:18:52 GMT+0000 (UTC),Fri May 15 2015 16:18:52 GMT+0000 (UTC)
410510080,2015-02-22,15,30,0,13.698109,0.91529334,16.338066,30.025999,66.280487,2.655314,-0.048037998,0.42374134,20.302799,3.5706074,15.870813,-0.1428,161.57863,0.042183332,12.408,0.25751868,,,,,,,,,Fri May 15 2015 16:18:52 GMT+0000 (UTC),Fri May 15 2015 16:18:52 GMT+0000 (UTC)
410510080,2015-02-22,15,35,0,13.05199,0.86829531,16.104,30.031521,61.598373,2.15748,-0.088446669,0.40791199,20.251333,3.0257754,15.685864,-0.14377333,154.44064,0.042463332,12.2664,0.26160532,,,,,,,,,Fri May 15 2015 16:18:52 GMT+0000 (UTC),Fri May 15 2015 16:18:52 GMT+0000 (UTC)
410510080,2015-02-22,15,40,0,12.433374,0.85232401,14.1952,30.027241,66.513161,2.5649266,-0.17870666,0.39092535,20.570801,3.4172494,13.860736,-0.11986667,167.77847,0.041106667,12.265067,0.25493732,,,,,,,,,Fri May 15 2015 16:18:52 GMT+0000 (UTC),Fri May 15 2015 16:18:52 GMT+0000 (UTC)
410510080,2015-02-22,15,45,0,15.855369,0.90046668,12.950666,30.0278,67.381172,2.9047074,-0.075879335,0.37497333,20.931467,3.8051653,12.454445,-0.11008,173.85249,0.040679999,12.442533,0.26442733,,,,,,,,,Fri May 15 2015 16:18:52 GMT+0000 (UTC),Fri May 15 2015 16:18:52 GMT+0000 (UTC)
410510080,2015-02-22,15,50,0,13.159763,0.92012268,12.7954,30.0264,72.545792,3.3660514,0.042204667,0.36128533,20.888268,4.2861938,12.457662,-0.11837333,177.3002,0.040333334,12.488533,0.26895133,,,,,,,,,Fri May 15 2015 16:18:52 GMT+0000 (UTC),Fri May 15 2015 16:18:52 GMT+0000 (UTC)
410510080,2015-02-22,15,55,0,14.491541,0.93605465,15.1266,30.02656,72.084709,3.3980746,0.105324,0.34955999,20.513866,4.334126,14.642428,-0.11856,167.56357,0.041303333,12.2804,0.26251599,,,,,,,,,Fri May 15 2015 16:18:52 GMT+0000 (UTC),Fri May 15 2015 16:18:52 GMT+0000 (UTC)
410510080,2015-02-22,16,0,0,13.476582,0.95246667,14.401533,30.02952,64.161034,3.0659866,0.059482668,0.33672801,20.932934,4.0184512,14.002877,-0.073773332,170.63947,0.041653335,12.1012,0.26056334,,,,,,,,,Fri May 15 2015 16:18:52 GMT+0000 (UTC),Fri May 15 2015 16:18:52 GMT+0000 (UTC)
410510080,2015-02-22,16,5,0,14.035865,0.94052666,14.1686,30.032,68.568649,2.8611352,-0.075228669,0.32926399,21.042933,3.8016508,13.743163,-0.058666665,147.39203,0.041620001,12.096534,0.26062199,,,,,,,,,Fri May 15 2015 16:18:52 GMT+0000 (UTC),Fri May 15 2015 16:18:52 GMT+0000 (UTC)
410510080,2015-02-22,16,10,0,14.855662,0.94869,14.819134,30.03196,67.627403,3.0982821,-0.084494665,0.33625066,21.242268,4.0469651,14.320666,-0.035719998,153.55486,0.041233335,12.062667,0.26687467,,,,,,,,,Fri May 15 2015 16:18:52 GMT+0000 (UTC),Fri May 15 2015 16:18:52 GMT+0000 (UTC)
410510080,2015-02-22,16,15,0,14.929928,0.97611064,12.922334,30.02956,68.662872,3.2286861,-0.14837199,0.35768268,21.761066,4.2047968,12.483312,-0.020946667,150.32272,0.041153334,12.079467,0.26831001,,,,,,,,,Fri May 15 2015 16:18:52 GMT+0000 (UTC),Fri May 15 2015 16:18:52 GMT+0000 (UTC)
410510080,2015-02-22,16,20,0,14.164145,0.94376934,13.4632,30.0308,64.523384,3.0681973,-0.141298,0.38156,21.766533,4.01196,13.05152,-0.067213334,150.69582,0.040573332,12.209066,0.27242532,,,,,,,,,Fri May 15 2015 16:18:52 GMT+0000 (UTC),Fri May 15 2015 16:18:52 GMT+0000 (UTC)
410510080,2015-02-22,16,25,0,15.309273,0.89766264,11.686466,30.02664,62.434013,2.8861706,-0.17873266,0.37887201,21.707733,3.7838366,11.268999,-0.086226664,150.48695,0.040406667,12.292133,0.27083001,,,,,,,,,Fri May 15 2015 16:18:52 GMT+0000 (UTC),Fri May 15 2015 16:18:52 GMT+0000 (UTC)
410510080,2015-02-22,16,30,0,15.818648,0.88729668,16.402,30.027241,73.582176,2.8573239,-0.18289067,0.35672,20.993467,3.7446194,15.776445,-0.077613331,149.45851,0.04191,12.143333,0.27129135,,,,,,,,,Fri May 15 2015 16:18:52 GMT+0000 (UTC),Fri May 15 2015 16:18:52 GMT+0000 (UTC)
410510080,2015-02-22,16,35,0,15.651555,0.90108335,11.714666,30.0308,71.841148,2.8776252,0.013422667,0.33390135,21.7428,3.7787166,11.27727,-0.078226663,144.11765,0.040716667,12.168933,0.26882333,,,,,,,,,Fri May 15 2015 16:18:52 GMT+0000 (UTC),Fri May 15 2015 16:18:52 GMT+0000 (UTC)
410510080,2015-02-22,16,40,0,16.574409,0.91971666,12.724,30.031361,72.015602,3.0990727,0.037664667,0.19562133,21.594,4.0188026,12.191242,-0.048280001,153.90416,0.039930001,12.124534,0.270336,,,,,,,,,Fri May 15 2015 16:18:52 GMT+0000 (UTC),Fri May 15 2015 16:18:52 GMT+0000 (UTC)
410510080,2015-02-22,16,45,0,16.349686,0.886208,17.335867,30.032,67.972168,2.9452093,0.042514,0.137024,21.3288,3.8314259,16.629559,-0.045000002,147.9695,0.04104,11.7728,0.26965266,,,,,,,,,Fri May 15 2015 16:18:52 GMT+0000 (UTC),Fri May 15 2015 16:18:52 GMT+0000 (UTC)
410510080,2015-02-22,16,50,0,15.024944,0.87270731,12.850933,30.032,64.879669,2.99069,0.14885266,0.10985333,22.196133,3.8633986,12.408763,-0.020226667,160.62387,0.040150002,11.508933,0.27485535,,,,,,,,,Fri May 15 2015 16:18:52 GMT+0000 (UTC),Fri May 15 2015 16:18:52 GMT+0000 (UTC)
410510080,2015-02-22,16,55,0,12.946468,0.82151335,15.686334,30.032,60.91349,3.1462221,-0.018998668,0.10103733,21.9716,3.9677553,15.285602,-0.0073866667,190.05518,0.040133335,11.304533,0.27919266,,,,,,,,,Fri May 15 2015 16:18:52 GMT+0000 (UTC),Fri May 15 2015 16:18:52 GMT+0000 (UTC)
410510080,2015-02-22,17,0,0,12.749748,0.84268135,14.147734,30.032,60.748539,3.1060233,0.15442333,0.069002666,22.358667,3.9487081,13.797208,0.022893334,209.57263,0.040350001,11.076,0.27075133,,,,,,,,,Fri May 15 2015 16:18:52 GMT+0000 (UTC),Fri May 15 2015 16:18:52 GMT+0000 (UTC)
410510080,2015-02-22,17,5,0,14.087853,0.745224,16.527,30.032681,68.83596,2.9038701,0.12183267,0.050757334,23.003866,3.6490908,16.027065,0.062639996,151.87048,0.040673334,10.9032,0.27218267,,,,,,,,,Fri May 15 2015 16:18:52 GMT+0000 (UTC),Fri May 15 2015 16:18:52 GMT+0000 (UTC)
410510080,2015-02-22,17,10,0,11.905958,0.73921335,14.1228,30.0322,72.327866,2.9958367,0.14383467,0.041069333,22.962534,3.7350366,13.817674,0.051786665,149.672,0.039803334,10.79,0.28018534,,,,,,,,,Fri May 15 2015 16:18:52 GMT+0000 (UTC),Fri May 15 2015 16:18:52 GMT+0000 (UTC)
410510080,2015-02-22,17,15,0,15.275926,0.797234,12.5434,30.03776,71.626541,3.757086,0.084735334,0.024386667,23.500267,4.5543032,12.097271,0.080866665,150.85925,0.038989998,10.640933,0.28606999,,,,,,,,,Fri May 15 2015 16:18:52 GMT+0000 (UTC),Fri May 15 2015 16:18:52 GMT+0000 (UTC)
410510080,2015-02-22,17,20,0,14.327919,0.81657797,9.2615995,30.038,69.515892,4.3514013,-0.052308667,0.045543998,24.353333,5.1679778,8.9718094,0.1638,153.75139,0.038433332,10.42,0.30286399,,,,,,,,,Fri May 15 2015 16:18:52 GMT+0000 (UTC),Fri May 15 2015 16:18:52 GMT+0000 (UTC)
410510080,2015-02-22,17,25,0,13.310159,0.76328468,13.150534,30.038,82.287865,4.8081713,-0.062305335,0.030906666,24.041466,5.5714355,12.795443,0.15152,162.64871,0.038173333,10.368,0.29080933,,,,,,,,,Fri May 15 2015 16:18:52 GMT+0000 (UTC),Fri May 15 2015 16:18:52 GMT+0000 (UTC)
410510080,2015-02-22,17,30,0,15.049438,0.630086,10.215067,30.038,81.13118,4.3783126,-0.14514667,0.016669333,24.033333,5.0084004,9.862443,0.092293337,160.17416,0.038249999,10.334666,0.28437999,,,,,,,,,Fri May 15 2015 16:18:52 GMT+0000 (UTC),Fri May 15 2015 16:18:52 GMT+0000 (UTC)
410510080,2015-02-22,17,35,0,14.128137,0.66921669,9.6513996,30.038,87.414429,5.5574079,-0.068095334,0.012352,24.5928,6.2266045,9.3577766,0.1534,228.00795,0.037433334,10.134666,0.29362732,,,,,,,,,Fri May 15 2015 16:18:52 GMT+0000 (UTC),Fri May 15 2015 16:18:52 GMT+0000 (UTC)
410510080,2015-02-22,17,40,0,15.087094,0.64051664,10.1996,30.038,88.315857,5.211432,-0.013203333,0.0094213337,24.865734,5.851954,9.845746,0.16210666,184.99309,0.03717,10.052934,0.29878199,,,,,,,,,Fri May 15 2015 16:18:52 GMT+0000 (UTC),Fri May 15 2015 16:18:52 GMT+0000 (UTC)
410510080,2015-02-22,17,45,0,20.463957,0.65590602,8.8403997,30.038,80.628044,5.6430035,0.015366,0.0069013331,25.550934,6.2989187,8.2761374,0.16209333,184.3663,0.035739999,9.8689337,0.32916933,,,,,,,,,Fri May 15 2015 16:18:52 GMT+0000 (UTC),Fri May 15 2015 16:18:52 GMT+0000 (UTC)
410510080,2015-02-22,17,50,0,15.000301,0.76115131,10.4492,30.042879,90.073769,7.8665872,0.022046667,0.0052133333,26.3564,8.627717,10.090845,0.16486667,200.57079,0.034433335,9.7833338,0.32810467,,,,,,,,,Fri May 15 2015 16:18:52 GMT+0000 (UTC),Fri May 15 2015 16:18:52 GMT+0000 (UTC)
410510080,2015-02-22,17,55,0,10.735035,0.81028664,11.210267,30.044001,88.879631,7.9475265,0.057994001,0.003584,26.474533,8.7578163,11.013364,0.16084,190.9929,0.034903333,9.7309332,0.31906801,,,,,,,,,Fri May 15 2015 16:18:53 GMT+0000 (UTC),Fri May 15 2015 16:18:53 GMT+0000 (UTC)
410510080,2015-02-22,18,0,0,13.622408,0.62500465,9.5358667,30.043921,95.969864,6.9802432,0.065899998,0.0021146666,26.908266,7.6052527,9.2661562,0.11125334,188.22281,0.035206668,9.6165333,0.31897867,,,,,,,,,Fri May 15 2015 16:18:53 GMT+0000 (UTC),Fri May 15 2015 16:18:53 GMT+0000 (UTC)
410510080,2015-02-22,18,5,0,12.069909,0.43575132,11.170667,30.04472,87.738571,6.7186928,0.065899998,9.7333331E-4,27.5776,7.1544495,10.922629,0.13448,185.71494,0.035283335,9.5026665,0.31555668,,,,,,,,,Fri May 15 2015 16:18:53 GMT+0000 (UTC),Fri May 15 2015 16:18:53 GMT+0000 (UTC)
410510080,2015-02-22,18,10,0,15.419936,0.450122,9.6836662,30.047239,82.788788,6.9109774,0.065899998,2.72E-4,28.198534,7.3611059,9.3327246,0.16361333,203.00899,0.034826666,9.4004002,0.32279268,,,,,,,,,Fri May 15 2015 16:18:53 GMT+0000 (UTC),Fri May 15 2015 16:18:53 GMT+0000 (UTC)
410510080,2015-02-22,18,15,0,12.627528,0.592704,9.4267998,30.04928,86.834793,7.6545491,0.12967066,0,28.238266,8.2472563,9.1976967,0.16847999,207.97813,0.033500001,9.3178663,0.33552065,,,,,,,,,Fri May 15 2015 16:18:53 GMT+0000 (UTC),Fri May 15 2015 16:18:53 GMT+0000 (UTC)
410510080,2015-02-22,18,20,0,16.360241,0.56684464,10.196533,30.049999,80.517677,7.8238068,0.31949735,0,28.581734,8.390646,9.7805634,0.15197334,201.5533,0.034096666,9.2034664,0.34987333,,,,,,,,,Fri May 15 2015 16:18:53 GMT+0000 (UTC),Fri May 15 2015 16:18:53 GMT+0000 (UTC)
410510080,2015-02-22,18,25,0,15.514256,0.46197534,11.879333,30.051241,81.146156,7.4073372,0.45177799,0,29.802799,7.8693128,11.443537,0.15831999,179.82285,0.034899998,9.128933,0.328848,,,,,,,,,Fri May 15 2015 16:18:53 GMT+0000 (UTC),Fri May 15 2015 16:18:53 GMT+0000 (UTC)
410510080,2015-02-22,18,30,0,12.879661,0.428922,11.847266,30.055679,83.147362,6.748868,0.40708333,0,30.135733,7.1777821,11.547725,0.16350667,174.33022,0.035473332,9.0929337,0.33027667,,,,,,,,,Fri May 15 2015 16:18:53 GMT+0000 (UTC),Fri May 15 2015 16:18:53 GMT+0000 (UTC)
410510080,2015-02-22,18,35,0,12.651313,0.36741599,10.438534,30.056,88.428596,6.6777873,0.48902866,0,30.167067,7.0452032,10.183886,0.13361333,171.82396,0.034756668,9.0566664,0.32125333,,,,,,,,,Fri May 15 2015 16:18:53 GMT+0000 (UTC),Fri May 15 2015 16:18:53 GMT+0000 (UTC)
410510080,2015-02-22,18,40,0,17.139093,0.497868,7.3517332,30.056,94.81723,6.8434882,0.4533,0,30.899334,7.3413458,7.0225821,0.21036001,175.81425,0.032586668,8.7343998,0.34266734,,,,,,,,,Fri May 15 2015 16:18:53 GMT+0000 (UTC),Fri May 15 2015 16:18:53 GMT+0000 (UTC)
410510080,2015-02-22,18,45,0,10.336061,0.58704132,11.211133,30.058001,90.701584,7.7501459,0.58113068,0,30.2076,8.3371706,11.02858,0.17556,182.59129,0.033196665,8.8126669,0.33560801,,,,,,,,,Fri May 15 2015 16:18:53 GMT+0000 (UTC),Fri May 15 2015 16:18:53 GMT+0000 (UTC)
410510080,2015-02-22,18,50,0,15.195826,0.59184998,11.8902,30.058281,91.201767,7.4790735,0.63607001,0,29.8992,8.0709171,11.471726,0.14894667,177.8078,0.034936666,8.8948002,0.32558,,,,,,,,,Fri May 15 2015 16:18:53 GMT+0000 (UTC),Fri May 15 2015 16:18:53 GMT+0000 (UTC)
410510080,2015-02-22,18,55,0,14.151142,0.55132067,14.9384,30.061041,88.965675,5.6175199,0.80050331,0,29.174,6.1688409,14.48245,0.11265333,165.40752,0.037003335,9.0212002,0.30595201,,,,,,,,,Fri May 15 2015 16:18:53 GMT+0000 (UTC),Fri May 15 2015 16:18:53 GMT+0000 (UTC)
410510080,2015-02-22,19,0,0,12.851178,0.54303801,13.370934,30.061081,92.988815,4.6369061,0.73570269,0,29.4072,5.1799407,13.034362,0.090719998,156.60553,0.037213333,9.0087996,0.29576066,,,,,,,,,Fri May 15 2015 16:18:53 GMT+0000 (UTC),Fri May 15 2015 16:18:53 GMT+0000 (UTC)
410510080,2015-02-22,22,40,0,14.305093,0.0025826667,10.112467,30.049999,72.935745,0.0013686666,0,0,31.530134,0.0039599999,9.7970619,0.19253333,0,0,6.9698668,0.34742135,,,,,,,,,Fri May 15 2015 16:18:53 GMT+0000 (UTC),Fri May 15 2015 16:18:53 GMT+0000 (UTC)
410510080,2015-02-22,22,45,0,13.687349,0.0024999999,10.1284,30.049999,73.770584,0.0011813333,0,0,31.729866,0.0036593333,9.8391924,0.21533333,0,0.019376667,6.8825336,0.351652,,,,,,,,,Fri May 15 2015 16:18:53 GMT+0000 (UTC),Fri May 15 2015 16:18:53 GMT+0000 (UTC)
410510080,2015-02-22,22,50,0,12.768822,0.0024246667,10.9738,30.049999,73.185455,0.0011,0,0,30.856001,0.0035713334,10.701097,0.20634666,0.30511466,0.038185999,7.1082668,0.33828932,,,,,,,,,Fri May 15 2015 16:18:53 GMT+0000 (UTC),Fri May 15 2015 16:18:53 GMT+0000 (UTC)
410510080,2015-02-22,22,55,0,13.093207,0.0024000001,9.2678003,30.05212,67.734406,0.0011,0,0,31.077066,0.0035000001,9.0256424,0.19273333,1.26359,0.037439998,7.0554667,0.33696935,,,,,,,,,Fri May 15 2015 16:18:53 GMT+0000 (UTC),Fri May 15 2015 16:18:53 GMT+0000 (UTC)
410510080,2015-02-22,23,0,0,13.054209,0.0023313332,8.9547997,30.056,68.397812,0.0011,0,0,31.315201,0.0035000001,8.7222118,0.28129333,137.157,0.036376666,6.8596001,0.39073601,,,,,,,,,Fri May 15 2015 16:18:53 GMT+0000 (UTC),Fri May 15 2015 16:18:53 GMT+0000 (UTC)
410510080,2015-02-22,23,5,0,15.898726,0.0023000001,8.6607332,30.05612,61.368259,0.0011686666,-0.0094126668,0,31.316799,0.0034980001,8.3270693,0.28863999,342.75903,0.03743,6.8933334,0.36808801,,,,,,,,,Fri May 15 2015 16:18:53 GMT+0000 (UTC),Fri May 15 2015 16:18:53 GMT+0000 (UTC)
410510080,2015-02-22,23,10,0,22.439775,0.0023000001,9.3425999,30.059481,63.844479,0.0012000001,-0.76719469,0,31.212534,0.0034,8.6255741,0.31041333,406.83884,0.037706666,6.8712001,0.35235801,,,,,,,,,Fri May 15 2015 16:18:53 GMT+0000 (UTC),Fri May 15 2015 16:18:53 GMT+0000 (UTC)
410510080,2015-02-22,23,15,0,18.565298,-9.0793629,6.9103332,30.06008,56.317196,2.3202152,-0.34721532,0,30.806133,-6.7591658,6.5473113,0.21358667,445.63168,0.03751,6.9889336,0.38184068,,,,,,,,,Fri May 15 2015 16:18:53 GMT+0000 (UTC),Fri May 15 2015 16:18:53 GMT+0000 (UTC)
410510080,2015-02-22,23,20,0,14.139181,0.77790934,9.8618002,30.06196,62.934868,4.0844798,0.083385333,0,31.262266,4.8624015,9.5613079,0.28323999,475.15421,0.03754,6.8457332,0.37684533,,,,,,,,,Fri May 15 2015 16:18:53 GMT+0000 (UTC),Fri May 15 2015 16:18:53 GMT+0000 (UTC)
410510080,2015-02-22,23,25,0,13.983064,0.37275401,8.7645998,30.062,60.499763,3.7031801,0.14138533,0,30.822933,4.0759335,8.5034037,0.25724,492.4111,0.037993334,6.9302669,0.36319,,,,,,,,,Fri May 15 2015 16:18:53 GMT+0000 (UTC),Fri May 15 2015 16:18:53 GMT+0000 (UTC)
410510080,2015-02-22,23,30,0,17.873055,0.25853866,9.150733,30.063761,64.819038,3.9810753,0.10023934,0,31.377733,4.2396159,8.7051964,0.26322666,504.06564,0.03751,6.7136002,0.33306399,,,,,,,,,Fri May 15 2015 16:18:53 GMT+0000 (UTC),Fri May 15 2015 16:18:53 GMT+0000 (UTC)
410510080,2015-02-22,23,35,0,13.358329,0.26364866,7.8298001,30.0634,56.38063,4.2847176,0.075199999,0,32.017067,4.5483675,7.6168466,0.29202667,521.15271,0.036866665,6.5623999,0.40473866,,,,,,,,,Fri May 15 2015 16:18:53 GMT+0000 (UTC),Fri May 15 2015 16:18:53 GMT+0000 (UTC)
410510080,2015-02-22,23,40,0,17.035173,0.22026667,8.9952669,30.064079,67.07309,4.4874315,0.22169466,0,31.3596,4.7077022,8.5974007,0.23360001,535.20667,0.037323333,6.5932002,0.35312799,,,,,,,,,Fri May 15 2015 16:18:53 GMT+0000 (UTC),Fri May 15 2015 16:18:53 GMT+0000 (UTC)
410510080,2015-02-22,23,45,0,18.427868,0.215298,9.1521997,30.065639,71.697052,4.4326973,0.17736533,0,31.331867,4.6480131,8.6784964,0.18911999,542.6355,0.037530001,6.5654669,0.38046467,,,,,,,,,Fri May 15 2015 16:18:53 GMT+0000 (UTC),Fri May 15 2015 16:18:53 GMT+0000 (UTC)
410510080,2015-02-22,23,50,0,16.989679,0.35271999,9.007,30.068001,74.691353,4.2128558,0.050010666,0,30.556667,4.5655675,8.6107397,0.19069333,547.27905,0.038536668,6.6805334,0.30158535,,,,,,,,,Fri May 15 2015 16:18:53 GMT+0000 (UTC),Fri May 15 2015 16:18:53 GMT+0000 (UTC)
410510080,2015-02-22,23,55,0,20.482426,0.42116067,10.0266,30.068119,73.820709,3.9453666,0.17880267,0,29.9604,4.3665228,9.3854694,0.21755999,552.95313,0.039093334,6.7182665,0.30398399,,,,,,,,,Fri May 15 2015 16:18:53 GMT+0000 (UTC),Fri May 15 2015 16:18:53 GMT+0000 (UTC)
